date,method,y_pred,y_true
1990-01-01,AR(1),0.05413064903896127,1.0
1990-01-01,AR(p auto),0.04294704161745506,1.0
1990-01-01,linear,-0.005170625842087807,1.0
1990-02-01,AR(1),0.021792778842319827,1.2999999999999998
1990-02-01,AR(p auto),-0.007748127550635381,1.2999999999999998
1990-02-01,linear,0.12842374679820331,1.2999999999999998
1990-03-01,AR(1),0.04637801122615485,1.5999999999999996
1990-03-01,AR(p auto),0.007143841249242282,1.5999999999999996
1990-03-01,linear,0.32583606979820684,1.5999999999999996
1990-04-01,AR(1),0.05599856312423299,1.2999999999999998
1990-04-01,AR(p auto),0.0298365920592054,1.2999999999999998
1990-04-01,linear,0.19424441091255445,1.2999999999999998
1990-05-01,AR(1),0.06499591246388353,1.5
1990-05-01,AR(p auto),0.04236368980360863,1.5
1990-05-01,linear,-0.05908596360474101,1.5
1990-06-01,AR(1),0.036393283219752506,1.7000000000000002
1990-06-01,AR(p auto),0.039964025480556796,1.7000000000000002
1990-06-01,linear,-0.15037443664476963,1.7000000000000002
1990-07-01,AR(1),-0.04377015458068848,1.2999999999999998
1990-07-01,AR(p auto),-0.02782650994235907,1.2999999999999998
1990-07-01,linear,-0.23271942820486702,1.2999999999999998
1990-08-01,AR(1),0.06982676728477646,1.2000000000000002
1990-08-01,AR(p auto),0.013116282251685511,1.2000000000000002
1990-08-01,linear,1.0595706635490474,1.2000000000000002
1990-09-01,AR(1),0.13521419432232445,1.0
1990-09-01,AR(p auto),0.14999988939851386,1.0
1990-09-01,linear,1.3962631190593844,1.0
1990-10-01,AR(1),0.16806758069314903,1.0999999999999996
1990-10-01,AR(p auto),0.2007272496078175,1.0999999999999996
1990-10-01,linear,1.750659010257264,1.0999999999999996
1990-11-01,AR(1),0.16896247289431918,0.7999999999999998
1990-11-01,AR(p auto),0.20964351299922732,0.7999999999999998
1990-11-01,linear,1.6422472364408045,0.7999999999999998
1990-12-01,AR(1),0.20476364454561774,1.0
1990-12-01,AR(p auto),0.19074255678907548,1.0
1990-12-01,linear,1.436748628320506,1.0
1991-01-01,AR(1),0.24395719893796736,0.8999999999999995
1991-01-01,AR(p auto),0.25848971248905295,0.8999999999999995
1991-01-01,linear,1.335264832065937,0.8999999999999995
1991-02-01,AR(1),0.25924211546115106,0.8000000000000007
1991-02-01,AR(p auto),0.282331179119368,0.8000000000000007
1991-02-01,linear,0.6901150643214224,0.8000000000000007
1991-03-01,AR(1),0.35887169501721,0.6000000000000005
1991-03-01,AR(p auto),0.4012260869174587,0.6000000000000005
1991-03-01,linear,0.3915050097827001,0.6000000000000005
1991-04-01,AR(1),0.4562844095057841,0.7000000000000002
1991-04-01,AR(p auto),0.5188619905338913,0.7000000000000002
1991-04-01,linear,-0.8121283222446041,0.7000000000000002
1991-05-01,AR(1),0.3474930876628241,0.6999999999999993
1991-05-01,AR(p auto),0.4277899948643972,0.6999999999999993
1991-05-01,linear,-0.42775173395182714,0.6999999999999993
1991-06-01,AR(1),0.4428265225297497,0.8999999999999995
1991-06-01,AR(p auto),0.4213483362454763,0.8999999999999995
1991-06-01,linear,-0.14266343513818344,0.8999999999999995
1991-07-01,AR(1),0.4909158970786409,0.9000000000000004
1991-07-01,AR(p auto),0.4843705994214425,0.9000000000000004
1991-07-01,linear,-0.14260462408808672,0.9000000000000004
1991-08-01,AR(1),0.4079468950526193,0.6999999999999993
1991-08-01,AR(p auto),0.442020662870217,0.6999999999999993
1991-08-01,linear,-0.1121967637520138,0.6999999999999993
1991-09-01,AR(1),0.3430980141861911,0.6999999999999993
1991-09-01,AR(p auto),0.3075528570782435,0.6999999999999993
1991-09-01,linear,-0.10813230139554245,0.6999999999999993
1991-10-01,AR(1),0.32333061677089664,0.2999999999999998
1991-10-01,AR(p auto),0.2518648464570312,0.2999999999999998
1991-10-01,linear,0.03177541372508362,0.2999999999999998
1991-11-01,AR(1),0.3267371001146805,0.4000000000000003
1991-11-01,AR(p auto),0.2852468914206066,0.4000000000000003
1991-11-01,linear,-0.03522829274572942,0.4000000000000003
1991-12-01,AR(1),0.2669461094335316,0.1000000000000005
1991-12-01,AR(p auto),0.22963728130670263,0.1000000000000005
1991-12-01,linear,-0.14222637569298305,0.1000000000000005
1992-01-01,AR(1),0.30482068136642787,0.0
1992-01-01,AR(p auto),0.2858989178682807,0.0
1992-01-01,linear,-0.7967294639431348,0.0
1992-02-01,AR(1),0.2963217632292416,-0.3000000000000007
1992-02-01,AR(p auto),0.2913020441522487,-0.3000000000000007
1992-02-01,linear,-0.7408576074610579,-0.3000000000000007
1992-03-01,AR(1),0.2589731018137761,-0.4000000000000003
1992-03-01,AR(p auto),0.2712832806970041,-0.4000000000000003
1992-03-01,linear,-0.6400001236989412,-0.4000000000000003
1992-04-01,AR(1),0.22586704824572362,-0.3000000000000007
1992-04-01,AR(p auto),0.1669821479273637,-0.3000000000000007
1992-04-01,linear,-0.1732316473932536,-0.3000000000000007
1992-05-01,AR(1),0.1920727728732431,-0.5
1992-05-01,AR(p auto),0.20029842053184976,-0.5
1992-05-01,linear,-0.3901789920150031,-0.5
1992-06-01,AR(1),0.21553639142827216,-0.7999999999999998
1992-06-01,AR(p auto),0.20565138689150647,-0.7999999999999998
1992-06-01,linear,-0.40711537065542636,-0.7999999999999998
1992-07-01,AR(1),0.27180545644605003,-0.7999999999999998
1992-07-01,AR(p auto),0.2820111018806308,-0.7999999999999998
1992-07-01,linear,-0.44005105715585446,-0.7999999999999998
1992-08-01,AR(1),0.32049697626219625,-0.7999999999999998
1992-08-01,AR(p auto),0.3128363914544941,-0.7999999999999998
1992-08-01,linear,-0.22892682060949224,-0.7999999999999998
1992-09-01,AR(1),0.2663714698427074,-0.8999999999999995
1992-09-01,AR(p auto),0.2725512089138353,-0.8999999999999995
1992-09-01,linear,-0.33631821660205813,-0.8999999999999995
1992-10-01,AR(1),0.25086835183761297,-0.5
1992-10-01,AR(p auto),0.24228936773587728,-0.5
1992-10-01,linear,-0.11720790322365164,-0.5
1992-11-01,AR(1),0.11204226072018258,-0.8000000000000007
1992-11-01,AR(p auto),0.13445787885757576,-0.8000000000000007
1992-11-01,linear,-0.15310892563595047,-0.8000000000000007
1992-12-01,AR(1),0.17016824454316154,-0.9000000000000004
1992-12-01,AR(p auto),0.09702635572518563,-0.9000000000000004
1992-12-01,linear,-0.5612329793189097,-0.9000000000000004
1993-01-01,AR(1),0.11132184496906358,-0.7000000000000002
1993-01-01,AR(p auto),0.03684488004404681,-0.7000000000000002
1993-01-01,linear,-0.2921808171626605,-0.7000000000000002
1993-02-01,AR(1),0.05861504477151832,-0.5
1993-02-01,AR(p auto),0.03329107343843398,-0.5
1993-02-01,linear,-0.35946034017534184,-0.5
1993-03-01,AR(1),-0.023797951100395762,-0.5
1993-03-01,AR(p auto),-0.06192877853840969,-0.5
1993-03-01,linear,0.08952925635929353,-0.5
1993-04-01,AR(1),-0.051722309047788476,-0.6999999999999993
1993-04-01,AR(p auto),-0.1313953852681899,-0.6999999999999993
1993-04-01,linear,-0.1992475660060957,-0.6999999999999993
1993-05-01,AR(1),-0.00883629430512185,-1.0
1993-05-01,AR(p auto),-0.11350625273478919,-1.0
1993-05-01,linear,-0.04224981214024402,-1.0
1993-06-01,AR(1),-0.08604537341485786,-0.9000000000000004
1993-06-01,AR(p auto),-0.08338399763135969,-0.9000000000000004
1993-06-01,linear,-0.15631127436857206,-0.9000000000000004
1993-07-01,AR(1),-0.15973296381157648,-0.8000000000000007
1993-07-01,AR(p auto),-0.1741012970298275,-0.8000000000000007
1993-07-01,linear,-0.12848353064513948,-0.8000000000000007
1993-08-01,AR(1),-0.16171729748037325,-0.7999999999999998
1993-08-01,AR(p auto),-0.26010121378176465,-0.7999999999999998
1993-08-01,linear,-0.13305904338413643,-0.7999999999999998
1993-09-01,AR(1),-0.13069793070909602,-0.7999999999999998
1993-09-01,AR(p auto),-0.23524763156879924,-0.7999999999999998
1993-09-01,linear,-0.26384422773491906,-0.7999999999999998
1993-10-01,AR(1),-0.19430757574585175,-1.0
1993-10-01,AR(p auto),-0.21904788043829077,-1.0
1993-10-01,linear,-0.21154764132706744,-1.0
1993-11-01,AR(1),-0.09413558813937774,-1.0
1993-11-01,AR(p auto),-0.11278596397484249,-1.0
1993-11-01,linear,-0.23817777198473375,-1.0
1993-12-01,AR(1),-0.15115856862658775,-1.0
1993-12-01,AR(p auto),-0.16578552285554943,-1.0
1993-12-01,linear,-0.330080532002368,-1.0
1994-01-01,AR(1),-0.21912281329924038,-1.0
1994-01-01,AR(p auto),-0.2548705168228038,-1.0
1994-01-01,linear,-0.21526749700092496,-1.0
1994-02-01,AR(1),-0.13052612807900246,-1.1999999999999993
1994-02-01,AR(p auto),-0.22573240903108266,-1.1999999999999993
1994-02-01,linear,-0.21330073133084773,-1.1999999999999993
1994-03-01,AR(1),-0.08605111539854705,-1.0999999999999996
1994-03-01,AR(p auto),-0.10748261619293907,-1.0999999999999996
1994-03-01,linear,0.09722073494583718,-1.0999999999999996
1994-04-01,AR(1),-0.08305610193790061,-0.6000000000000005
1994-04-01,AR(p auto),-0.05543259429768107,-0.6000000000000005
1994-04-01,linear,0.11356639776853539,-0.6000000000000005
1994-05-01,AR(1),-0.14682512539701445,-0.5
1994-05-01,AR(p auto),-0.16273827680167435,-0.5
1994-05-01,linear,0.2639228583836506,-0.5
1994-06-01,AR(1),-0.2363270342863556,-0.5
1994-06-01,AR(p auto),-0.2783788625981734,-0.5
1994-06-01,linear,0.10535852724050762,-0.5
1994-07-01,AR(1),-0.1776546267573629,-0.3999999999999994
1994-07-01,AR(p auto),-0.2900681363264237,-0.3999999999999994
1994-07-01,linear,0.19338619726529033,-0.3999999999999994
1994-08-01,AR(1),-0.20543497320990292,-0.2999999999999998
1994-08-01,AR(p auto),-0.2290963635200049,-0.2999999999999998
1994-08-01,linear,-0.0702739249401442,-0.2999999999999998
1994-09-01,AR(1),-0.18185630126537708,-0.3000000000000007
1994-09-01,AR(p auto),-0.18861212663435428,-0.3000000000000007
1994-09-01,linear,0.09120545906468736,-0.3000000000000007
1994-10-01,AR(1),-0.15447431882023446,-0.2999999999999998
1994-10-01,AR(p auto),-0.23118813041172429,-0.2999999999999998
1994-10-01,linear,-0.16262155183203258,-0.2999999999999998
1994-11-01,AR(1),-0.21072670958534442,0.0
1994-11-01,AR(p auto),-0.28758371457583826,0.0
1994-11-01,linear,0.12609996230109483,0.0
1994-12-01,AR(1),-0.2344118739762875,0.0999999999999996
1994-12-01,AR(p auto),-0.35442482980290735,0.0999999999999996
1994-12-01,linear,0.1427769329941293,0.0999999999999996
1995-01-01,AR(1),-0.23411525499082353,0.0
1995-01-01,AR(p auto),-0.2974382732450044,0.0
1995-01-01,linear,0.12711817376697726,0.0
1995-02-01,AR(1),-0.25277563287926175,0.0999999999999996
1995-02-01,AR(p auto),-0.27520079264208985,0.0999999999999996
1995-02-01,linear,0.0003360850820051803,0.0999999999999996
1995-03-01,AR(1),-0.29853923083586303,0.0999999999999996
1995-03-01,AR(p auto),-0.35842108783598264,0.0999999999999996
1995-03-01,linear,-0.19475298508723435,0.0999999999999996
1995-04-01,AR(1),-0.2734196602224469,-0.2000000000000001
1995-04-01,AR(p auto),-0.36735549824611236,-0.2000000000000001
1995-04-01,linear,-0.14280756955415913,-0.2000000000000001
1995-05-01,AR(1),-0.13681515916661277,0.0
1995-05-01,AR(p auto),-0.2070591376778812,0.0
1995-05-01,linear,-0.31771694355778035,0.0
1995-06-01,AR(1),-0.13488282246664224,-0.2999999999999998
1995-06-01,AR(p auto),-0.09216683599860079,-0.2999999999999998
1995-06-01,linear,-0.4395240423928431,-0.2999999999999998
1995-07-01,AR(1),-0.1015501241876216,-0.2000000000000001
1995-07-01,AR(p auto),-0.10367115526167034,-0.2000000000000001
1995-07-01,linear,-0.4054484678616374,-0.2000000000000001
1995-08-01,AR(1),-0.09159185015745533,-0.6000000000000005
1995-08-01,AR(p auto),-0.10810194561595417,-0.6000000000000005
1995-08-01,linear,-0.33204374382975127,-0.6000000000000005
1995-09-01,AR(1),-0.06729497548744882,-0.3999999999999994
1995-09-01,AR(p auto),-0.10004199209300098,-0.3999999999999994
1995-09-01,linear,-0.24710104439814776,-0.3999999999999994
1995-10-01,AR(1),-0.060101087667651994,-0.2999999999999998
1995-10-01,AR(p auto),-0.08556115558761022,-0.2999999999999998
1995-10-01,linear,-0.10881922885315187,-0.2999999999999998
1995-11-01,AR(1),-0.05852331939314395,-0.1999999999999993
1995-11-01,AR(p auto),-0.08324499638463918,-0.1999999999999993
1995-11-01,linear,-0.14686538953761955,-0.1999999999999993
1995-12-01,AR(1),-0.0019963633489781165,-0.1999999999999993
1995-12-01,AR(p auto),-0.022291016120540543,-0.1999999999999993
1995-12-01,linear,-0.21795347966286277,-0.1999999999999993
1996-01-01,AR(1),0.05257267563625058,-0.2999999999999998
1996-01-01,AR(p auto),0.03273043077737297,-0.2999999999999998
1996-01-01,linear,-0.20614616695855534,-0.2999999999999998
1996-02-01,AR(1),0.024930561728291792,-0.2999999999999998
1996-02-01,AR(p auto),0.017822933416593655,-0.2999999999999998
1996-02-01,linear,-0.4784453144358943,-0.2999999999999998
1996-03-01,AR(1),0.04368812550920668,-0.2999999999999998
1996-03-01,AR(p auto),0.031039519340863974,-0.2999999999999998
1996-03-01,linear,-0.23120169722395442,-0.2999999999999998
1996-04-01,AR(1),0.02715844459606886,-0.5
1996-04-01,AR(p auto),0.011432730412687862,-0.5
1996-04-01,linear,-0.5610087734404768,-0.5
1996-05-01,AR(1),-0.029796006485545288,-0.6999999999999993
1996-05-01,AR(p auto),-0.05029685782233627,-0.6999999999999993
1996-05-01,linear,-0.16418337890207982,-0.6999999999999993
1996-06-01,AR(1),0.008319943100166895,-0.2999999999999998
1996-06-01,AR(p auto),-0.04160822904553009,-0.2999999999999998
1996-06-01,linear,-0.19599781161024593,-0.2999999999999998
1996-07-01,AR(1),-0.06825375088967287,-0.5999999999999996
1996-07-01,AR(p auto),-0.07891002262153117,-0.5999999999999996
1996-07-01,linear,0.11310916122690078,-0.5999999999999996
1996-08-01,AR(1),-0.04875800689170581,-0.2999999999999998
1996-08-01,AR(p auto),-0.10436921295493537,-0.2999999999999998
1996-08-01,linear,-0.023402289395274084,-0.2999999999999998
1996-09-01,AR(1),-0.14582496981285692,-0.2999999999999998
1996-09-01,AR(p auto),-0.17866661116528437,-0.2999999999999998
1996-09-01,linear,-0.09248742899564119,-0.2999999999999998
1996-10-01,AR(1),-0.08007887477432893,-0.5
1996-10-01,AR(p auto),-0.19552448075087064,-0.5
1996-10-01,linear,-0.4771803481510654,-0.5
1996-11-01,AR(1),-0.0928430521172143,-0.8000000000000007
1996-11-01,AR(p auto),-0.12178878098594952,-0.8000000000000007
1996-11-01,linear,-0.554029842576593,-0.8000000000000007
1996-12-01,AR(1),-0.03991572299397965,-0.7000000000000002
1996-12-01,AR(p auto),-0.027064767514988063,-0.7000000000000002
1996-12-01,linear,-0.594573252581099,-0.7000000000000002
1997-01-01,AR(1),-0.04499189254082667,-0.7000000000000002
1997-01-01,AR(p auto),-0.038563098695681225,-0.7000000000000002
1997-01-01,linear,-0.5610452269212934,-0.7000000000000002
1997-02-01,AR(1),-0.06981854810478273,-0.6000000000000005
1997-02-01,AR(p auto),-0.09239922130191942,-0.6000000000000005
1997-02-01,linear,-0.5621126474857716,-0.6000000000000005
1997-03-01,AR(1),-0.03919804763354731,-0.5
1997-03-01,AR(p auto),-0.08840802327737948,-0.5
1997-03-01,linear,-0.3938232021342447,-0.5
1997-04-01,AR(1),-0.04948904755161016,-0.7999999999999998
1997-04-01,AR(p auto),-0.1162909817920066,-0.7999999999999998
1997-04-01,linear,0.0025956844245546007,-0.7999999999999998
1997-05-01,AR(1),-0.13144789372434496,-0.5
1997-05-01,AR(p auto),-0.1663124009014034,-0.5
1997-05-01,linear,-0.19644226560006053,-0.5
1997-06-01,AR(1),-0.14435678270388838,-0.5
1997-06-01,AR(p auto),-0.2581996079375798,-0.5
1997-06-01,linear,-0.48935169794777356,-0.5
1997-07-01,AR(1),-0.06132561656213962,-0.4000000000000003
1997-07-01,AR(p auto),-0.131289268232466,-0.4000000000000003
1997-07-01,linear,-0.9920121306352456,-0.4000000000000003
1997-08-01,AR(1),-0.1472958419398728,-0.2999999999999998
1997-08-01,AR(p auto),-0.1658696955546965,-0.2999999999999998
1997-08-01,linear,-0.8060657179691786,-0.2999999999999998
1997-09-01,AR(1),-0.06851289130917729,-0.3000000000000007
1997-09-01,AR(p auto),-0.12075674177611402,-0.3000000000000007
1997-09-01,linear,-0.6448084985104202,-0.3000000000000007
1997-10-01,AR(1),-0.08824130206328312,-0.2000000000000001
1997-10-01,AR(p auto),-0.07696364452537192,-0.2000000000000001
1997-10-01,linear,-0.4415246244045533,-0.2000000000000001
1997-11-01,AR(1),-0.10947930538914977,-0.1999999999999993
1997-11-01,AR(p auto),-0.11659758012032494,-0.1999999999999993
1997-11-01,linear,-0.31518682433970213,-0.1999999999999993
1997-12-01,AR(1),-0.20093223378494937,-0.2999999999999998
1997-12-01,AR(p auto),-0.25843295704220615,-0.2999999999999998
1997-12-01,linear,-0.3814005598403608,-0.2999999999999998
1998-01-01,AR(1),-0.1837410454752592,-0.2999999999999998
1998-01-01,AR(p auto),-0.30689702226086707,-0.2999999999999998
1998-01-01,linear,-0.17901068459784708,-0.2999999999999998
1998-02-01,AR(1),-0.17433018644387005,-0.1999999999999993
1998-02-01,AR(p auto),-0.24227792366348058,-0.1999999999999993
1998-02-01,linear,-0.5072986285020279,-0.1999999999999993
1998-03-01,AR(1),-0.11765089596843573,-0.5
1998-03-01,AR(p auto),-0.23283249439800194,-0.5
1998-03-01,linear,-0.5893381279621437,-0.5
1998-04-01,AR(1),-0.1150389593004659,0.0
1998-04-01,AR(p auto),-0.17121155959990983,0.0
1998-04-01,linear,-0.7826516851372836,0.0
1998-05-01,AR(1),-0.21743254184826896,-0.2000000000000001
1998-05-01,AR(p auto),-0.21894749161342517,-0.2000000000000001
1998-05-01,linear,-0.5434619783646123,-0.2000000000000001
1998-06-01,AR(1),-0.14720433446118794,-0.2000000000000001
1998-06-01,AR(p auto),-0.18075326883555137,-0.2000000000000001
1998-06-01,linear,-0.3787713553686311,-0.2000000000000001
1998-07-01,AR(1),-0.1436090406762275,-0.2000000000000001
1998-07-01,AR(p auto),-0.1635436410270256,-0.2000000000000001
1998-07-01,linear,-0.2119015845069885,-0.2000000000000001
1998-08-01,AR(1),-0.13391255632052138,-0.2999999999999998
1998-08-01,AR(p auto),-0.145238662780074,-0.2999999999999998
1998-08-01,linear,-0.05191415319635966,-0.2999999999999998
1998-09-01,AR(1),-0.06789306954450523,-0.3999999999999994
1998-09-01,AR(p auto),-0.11559949817993806,-0.3999999999999994
1998-09-01,linear,0.0243474474837536,-0.3999999999999994
1998-10-01,AR(1),-0.09356640500926992,-0.4000000000000003
1998-10-01,AR(p auto),-0.08586773913971853,-0.4000000000000003
1998-10-01,linear,-0.11108749382514321,-0.4000000000000003
1998-11-01,AR(1),-0.050224798300403335,-0.3000000000000007
1998-11-01,AR(p auto),-0.0723889740366535,-0.3000000000000007
1998-11-01,linear,-0.43918145055078517,-0.3000000000000007
1998-12-01,AR(1),-0.08319591473589723,-0.4000000000000003
1998-12-01,AR(p auto),-0.0818246906889599,-0.4000000000000003
1998-12-01,linear,-0.7133980201672867,-0.4000000000000003
1999-01-01,AR(1),-0.08048132933084559,-0.2999999999999998
1999-01-01,AR(p auto),-0.0876238014530059,-0.2999999999999998
1999-01-01,linear,-0.5603475546351189,-0.2999999999999998
1999-02-01,AR(1),-0.07678274375992444,-0.3000000000000007
1999-02-01,AR(p auto),-0.14054539175640413,-0.3000000000000007
1999-02-01,linear,-0.39830760986814057,-0.3000000000000007
1999-03-01,AR(1),-0.06402689621588144,-0.2000000000000001
1999-03-01,AR(p auto),-0.10651859777949935,-0.2000000000000001
1999-03-01,linear,-0.380866187307286,-0.2000000000000001
1999-04-01,AR(1),-0.15209726571142293,-0.5
1999-04-01,AR(p auto),-0.14776956681073,-0.5
1999-04-01,linear,-0.44717659733570764,-0.5
1999-05-01,AR(1),-0.016245745616029563,-0.2000000000000001
1999-05-01,AR(p auto),-0.07734035086456817,-0.2000000000000001
1999-05-01,linear,-0.4599583861321357,-0.2000000000000001
1999-06-01,AR(1),-0.06058219192981557,-0.2999999999999998
1999-06-01,AR(p auto),-0.04031748599227479,-0.2999999999999998
1999-06-01,linear,-0.20289411991839096,-0.2999999999999998
1999-07-01,AR(1),-0.05523790660034559,-0.2999999999999998
1999-07-01,AR(p auto),-0.0818533453291482,-0.2999999999999998
1999-07-01,linear,-0.15809111425742114,-0.2999999999999998
1999-08-01,AR(1),-0.061285316275265365,-0.1000000000000005
1999-08-01,AR(p auto),-0.08581564659672668,-0.1000000000000005
1999-08-01,linear,-0.05623874609359187,-0.1000000000000005
1999-09-01,AR(1),-0.07679095010787275,-0.3000000000000002
1999-09-01,AR(p auto),-0.11674569261851739,-0.3000000000000002
1999-09-01,linear,-0.0840466556067398,-0.3000000000000002
1999-10-01,AR(1),-0.10420837024607052,-0.1999999999999997
1999-10-01,AR(p auto),-0.17595400123963553,-0.1999999999999997
1999-10-01,linear,0.11284997460018344,-0.1999999999999997
1999-11-01,AR(1),-0.1083155458840162,-0.1999999999999997
1999-11-01,AR(p auto),-0.1563458545614722,-0.1999999999999997
1999-11-01,linear,-0.292434989427504,-0.1999999999999997
1999-12-01,AR(1),-0.08365752555749854,-0.1
1999-12-01,AR(p auto),-0.1416567370891649,-0.1
1999-12-01,linear,-0.613862420142697,-0.1
2000-01-01,AR(1),-0.10917472733544911,0.2000000000000001
2000-01-01,AR(p auto),-0.14509036128858,0.2000000000000001
2000-01-01,linear,-0.5101981302585555,0.2000000000000001
2000-02-01,AR(1),-0.0791977361775225,0.1000000000000005
2000-02-01,AR(p auto),-0.14045650167302612,0.1000000000000005
2000-02-01,linear,-0.1899300765634231,0.1000000000000005
2000-03-01,AR(1),-0.09415167840822665,0.2999999999999998
2000-03-01,AR(p auto),-0.11739177640154663,0.2999999999999998
2000-03-01,linear,-0.01917280231611583,0.2999999999999998
2000-04-01,AR(1),-0.06250087452637872,0.6000000000000005
2000-04-01,AR(p auto),-0.10243276182902457,0.6000000000000005
2000-04-01,linear,-0.23670281468778243,0.6000000000000005
2000-05-01,AR(1),-0.11113574837163273,0.2999999999999998
2000-05-01,AR(p auto),-0.14037759267625363,0.2999999999999998
2000-05-01,linear,-0.12592781928145597,0.2999999999999998
2000-06-01,AR(1),-0.0466350568842868,0.5
2000-06-01,AR(p auto),-0.14010604186100492,0.5
2000-06-01,linear,-0.06777733049684882,0.5
2000-07-01,AR(1),-0.10053044195377252,0.5999999999999996
2000-07-01,AR(p auto),-0.1341230723039647,0.5999999999999996
2000-07-01,linear,0.06164767337011197,0.5999999999999996
2000-08-01,AR(1),-0.08324616770075183,0.8000000000000007
2000-08-01,AR(p auto),-0.11881018228737285,0.8000000000000007
2000-08-01,linear,-0.02704468017776094,0.8000000000000007
2000-09-01,AR(1),-0.054038589570068796,1.1
2000-09-01,AR(p auto),-0.05571268453807779,1.1
2000-09-01,linear,0.024900537966878772,1.1
2000-10-01,AR(1),-0.08275645437516907,1.4
2000-10-01,AR(p auto),-0.08836573284968509,1.4
2000-10-01,linear,0.2920792718596275,1.4
2000-11-01,AR(1),-0.06272546319571577,1.6
2000-11-01,AR(p auto),-0.10454667843353872,1.6
2000-11-01,linear,0.3930233170301164,1.6
2000-12-01,AR(1),-0.06916888109860352,1.8000000000000005
2000-12-01,AR(p auto),-0.10832851041484247,1.8000000000000005
2000-12-01,linear,0.6181221139252403,1.8000000000000005
2001-01-01,AR(1),-0.027619799720789425,1.5
2001-01-01,AR(p auto),-0.06563507846749012,1.5
2001-01-01,linear,0.22057986911077523,1.5
2001-02-01,AR(1),0.026672762523175676,1.5
2001-02-01,AR(p auto),0.005991611846941832,1.5
2001-02-01,linear,0.3358450226746914,1.5
2001-03-01,AR(1),0.004934309661541855,1.4000000000000004
2001-03-01,AR(p auto),0.035928721894502226,1.4000000000000004
2001-03-01,linear,0.6270280225085303,1.4000000000000004
2001-04-01,AR(1),0.04565643864609668,1.5
2001-04-01,AR(p auto),0.03787061574777318,1.5
2001-04-01,linear,1.4864495916221492,1.5
2001-05-01,AR(1),0.12381283074367348,1.5
2001-05-01,AR(p auto),0.15106864570779804,1.5
2001-05-01,linear,0.9819162073623356,1.5
2001-06-01,AR(1),0.061146405627117234,1.2999999999999998
2001-06-01,AR(p auto),0.1313103392747901,1.2999999999999998
2001-06-01,linear,0.8115127746700918,1.2999999999999998
2001-07-01,AR(1),0.12091514124520306,1.2000000000000002
2001-07-01,AR(p auto),0.0926692099750074,1.2000000000000002
2001-07-01,linear,1.0274385946526965,1.2000000000000002
2001-08-01,AR(1),0.10965661215425729,0.7999999999999998
2001-08-01,AR(p auto),0.13109719723138033,0.7999999999999998
2001-08-01,linear,1.3001474950521916,0.7999999999999998
2001-09-01,AR(1),0.19253474765239278,0.7000000000000002
2001-09-01,AR(p auto),0.2268290888570269,0.7000000000000002
2001-09-01,linear,1.8075532304460702,0.7000000000000002
2001-10-01,AR(1),0.26173923433746477,0.4000000000000003
2001-10-01,AR(p auto),0.31926364872385254,0.4000000000000003
2001-10-01,linear,0.9670625102182329,0.4000000000000003
2001-11-01,AR(1),0.31728688299081687,0.4000000000000003
2001-11-01,AR(p auto),0.40916323564244866,0.4000000000000003
2001-11-01,linear,0.9229683890664867,0.4000000000000003
2001-12-01,AR(1),0.3865975348283476,0.2999999999999998
2001-12-01,AR(p auto),0.5302571704138381,0.2999999999999998
2001-12-01,linear,-0.5083889605203842,0.2999999999999998
2002-01-01,AR(1),0.4217559451146776,0.0999999999999996
2002-01-01,AR(p auto),0.6008596981699602,0.0999999999999996
2002-01-01,linear,-0.04802742700906312,0.0999999999999996
2002-02-01,AR(1),0.38165255406274234,0.2000000000000001
2002-02-01,AR(p auto),0.49901613332385175,0.2000000000000001
2002-02-01,linear,0.0718408681667867,0.2000000000000001
2002-03-01,AR(1),0.3578798764465438,0.2000000000000001
2002-03-01,AR(p auto),0.43328315500699804,0.2000000000000001
2002-03-01,linear,-0.18425617802282787,0.2000000000000001
2002-04-01,AR(1),0.3637510777485699,0.0999999999999996
2002-04-01,AR(p auto),0.3550910540016877,0.0999999999999996
2002-04-01,linear,-0.10261761692165394,0.0999999999999996
2002-05-01,AR(1),0.38470695286622614,0.2999999999999998
2002-05-01,AR(p auto),0.4448508267455004,0.2999999999999998
2002-05-01,linear,0.08576466704193728,0.2999999999999998
2002-06-01,AR(1),0.3916703998873255,0.5
2002-06-01,AR(p auto),0.4641784455196082,0.5
2002-06-01,linear,0.45817677738431367,0.5
2002-07-01,AR(1),0.3451730349978054,0.4000000000000003
2002-07-01,AR(p auto),0.4236878844064885,0.4000000000000003
2002-07-01,linear,0.6526438806306335,0.4000000000000003
2002-08-01,AR(1),0.33996265042202006,0.3999999999999994
2002-08-01,AR(p auto),0.3500298763671251,0.3999999999999994
2002-08-01,linear,0.48502530837329494,0.3999999999999994
2002-09-01,AR(1),0.22344739679297498,0.3999999999999994
2002-09-01,AR(p auto),0.23014030573130298,0.3999999999999994
2002-09-01,linear,0.6000043421433618,0.3999999999999994
2002-10-01,AR(1),0.20645802185356593,0.2999999999999998
2002-10-01,AR(p auto),0.14899944942869023,0.2999999999999998
2002-10-01,linear,0.24980378433345152,0.2999999999999998
2002-11-01,AR(1),0.1125534188374501,-0.1000000000000005
2002-11-01,AR(p auto),0.08064619107478883,-0.1000000000000005
2002-11-01,linear,-0.1255107502082885,-0.1000000000000005
2002-12-01,AR(1),0.10842210789214043,-0.2999999999999998
2002-12-01,AR(p auto),0.08325284834876008,-0.2999999999999998
2002-12-01,linear,-0.4605168271691999,-0.2999999999999998
2003-01-01,AR(1),0.08456554841255691,-0.0999999999999996
2003-01-01,AR(p auto),0.058366510803258505,-0.0999999999999996
2003-01-01,linear,-0.5009153814330449,-0.0999999999999996
2003-02-01,AR(1),0.031645349276749696,-0.3000000000000007
2003-02-01,AR(p auto),0.02663827816058865,-0.3000000000000007
2003-02-01,linear,0.24135386348520863,-0.3000000000000007
2003-03-01,AR(1),0.03727054653236377,-0.1000000000000005
2003-03-01,AR(p auto),0.028142309201528565,-0.1000000000000005
2003-03-01,linear,0.18875462863744916,-0.1000000000000005
2003-04-01,AR(1),0.0833020460181417,-0.4000000000000003
2003-04-01,AR(p auto),0.06164117614861308,-0.4000000000000003
2003-04-01,linear,0.03694608483429722,-0.4000000000000003
2003-05-01,AR(1),0.0470527922931467,-0.5
2003-05-01,AR(p auto),0.04558821061630836,-0.5
2003-05-01,linear,-0.576643734487377,-0.5
2003-06-01,AR(1),0.08683740421816175,-0.7000000000000002
2003-06-01,AR(p auto),0.06714818236346948,-0.7000000000000002
2003-06-01,linear,-0.8385222180159198,-0.7000000000000002
2003-07-01,AR(1),0.13744826274108127,-0.7000000000000002
2003-07-01,AR(p auto),0.14810555293159014,-0.7000000000000002
2003-07-01,linear,-0.7986674447627788,-0.7000000000000002
2003-08-01,AR(1),0.1448435028638887,-0.6999999999999993
2003-08-01,AR(p auto),0.1552709446767192,-0.6999999999999993
2003-08-01,linear,-0.5682542807147086,-0.6999999999999993
2003-09-01,AR(1),0.12092459771756384,-0.6999999999999993
2003-09-01,AR(p auto),0.11339694978352198,-0.6999999999999993
2003-09-01,linear,-0.2529877596451708,-0.6999999999999993
2003-10-01,AR(1),0.11432226827410237,-0.5
2003-10-01,AR(p auto),0.08252400526541982,-0.5
2003-10-01,linear,-0.1332847857785017,-0.5
2003-11-01,AR(1),0.07852854567719594,-0.3999999999999994
2003-11-01,AR(p auto),0.06802191316192321,-0.3999999999999994
2003-11-01,linear,-0.2808799747051567,-0.3999999999999994
2003-12-01,AR(1),-0.006691294632606123,-0.2999999999999998
2003-12-01,AR(p auto),-0.01544720390468904,-0.2999999999999998
2003-12-01,linear,-0.37306958859461314,-0.2999999999999998
2004-01-01,AR(1),-0.06019374855889701,-0.4000000000000003
2004-01-01,AR(p auto),-0.15475306944573253,-0.4000000000000003
2004-01-01,linear,-0.4968023849643592,-0.4000000000000003
2004-02-01,AR(1),0.006354821628359375,-0.1999999999999993
2004-02-01,AR(p auto),-0.1019575055755554,-0.1999999999999993
2004-02-01,linear,-0.399008578146228,-0.1999999999999993
2004-03-01,AR(1),-0.0377888737878052,-0.5999999999999996
2004-03-01,AR(p auto),-0.07133422533289199,-0.5999999999999996
2004-03-01,linear,-0.21041634750143456,-0.5999999999999996
2004-04-01,AR(1),-0.018096220966521713,-0.3999999999999994
2004-04-01,AR(p auto),-0.04480003470410731,-0.3999999999999994
2004-04-01,linear,-0.008678032083435483,-0.3999999999999994
2004-05-01,AR(1),-0.09284721878785894,-0.5
2004-05-01,AR(p auto),-0.09342659545292838,-0.5
2004-05-01,linear,0.017688169710769287,-0.5
2004-06-01,AR(1),-0.09940819106989761,-0.5999999999999996
2004-06-01,AR(p auto),-0.175268913594788,-0.5999999999999996
2004-06-01,linear,0.13728241040776146,-0.5999999999999996
2004-07-01,AR(1),-0.14818383038824806,-0.5
2004-07-01,AR(p auto),-0.20525197476291168,-0.5
2004-07-01,linear,0.03813949043470162,-0.5
2004-08-01,AR(1),-0.15591829948864047,-0.5
2004-08-01,AR(p auto),-0.2243317515107179,-0.5
2004-08-01,linear,0.10001103902044078,-0.5
2004-09-01,AR(1),-0.13802606542259796,-0.4000000000000003
2004-09-01,AR(p auto),-0.22326431117111803,-0.4000000000000003
2004-09-01,linear,-0.26351186416663425,-0.4000000000000003
2004-10-01,AR(1),-0.1412977525166571,-0.5
2004-10-01,AR(p auto),-0.20889604655274402,-0.5
2004-10-01,linear,-0.16897065471356598,-0.5
2004-11-01,AR(1),-0.12071049746100533,-0.4000000000000003
2004-11-01,AR(p auto),-0.14469770800292134,-0.4000000000000003
2004-11-01,linear,-0.24637884136117866,-0.4000000000000003
2004-12-01,AR(1),-0.0808736572673332,-0.5
2004-12-01,AR(p auto),-0.10195243285735026,-0.5
2004-12-01,linear,-0.32900523866617937,-0.5
2005-01-01,AR(1),-0.05913363911925553,-0.5999999999999996
2005-01-01,AR(p auto),-0.07214458326163847,-0.5999999999999996
2005-01-01,linear,-0.15346806045858252,-0.5999999999999996
2005-02-01,AR(1),-0.07961312437132605,-0.6000000000000005
2005-02-01,AR(p auto),-0.09719136280831416,-0.6000000000000005
2005-02-01,linear,-0.1969167882320184,-0.6000000000000005
2005-03-01,AR(1),-0.04956387249609386,-0.5
2005-03-01,AR(p auto),-0.05208106503618862,-0.5
2005-03-01,linear,0.07600757237296484,-0.5
2005-04-01,AR(1),-0.14522841038519552,-0.5
2005-04-01,AR(p auto),-0.15009419186743986,-0.5
2005-04-01,linear,0.03901190030824976,-0.5
2005-05-01,AR(1),-0.06689521257611666,-0.5
2005-05-01,AR(p auto),-0.16036757414963934,-0.5
2005-05-01,linear,0.23324114549382308,-0.5
2005-06-01,AR(1),-0.11079991787759266,-0.4000000000000003
2005-06-01,AR(p auto),-0.13467013239266215,-0.4000000000000003
2005-06-01,linear,-0.012526301161726344,-0.4000000000000003
2005-07-01,AR(1),-0.14351441564373782,-0.2999999999999998
2005-07-01,AR(p auto),-0.17653568009556136,-0.2999999999999998
2005-07-01,linear,-0.13175772077619227,-0.2999999999999998
2005-08-01,AR(1),-0.0939445883588689,-0.2000000000000001
2005-08-01,AR(p auto),-0.1753335546067511,-0.2000000000000001
2005-08-01,linear,-0.021582672490424823,-0.2000000000000001
2005-09-01,AR(1),-0.1264218607867539,-0.5
2005-09-01,AR(p auto),-0.17417057523285778,-0.5
2005-09-01,linear,0.5322734045310712,-0.5
2005-10-01,AR(1),-0.09723097796288081,-0.5999999999999996
2005-10-01,AR(p auto),-0.09780620027150876,-0.5999999999999996
2005-10-01,linear,0.6041617182174653,-0.5999999999999996
2005-11-01,AR(1),-0.09661720915109685,-0.5
2005-11-01,AR(p auto),-0.14289406041575,-0.5
2005-11-01,linear,0.24591991903300214,-0.5
2005-12-01,AR(1),-0.0891581327586966,-0.5
2005-12-01,AR(p auto),-0.1406063817948918,-0.5
2005-12-01,linear,-0.27881318031050645,-0.5
2006-01-01,AR(1),-0.1212404859890155,-0.1000000000000005
2006-01-01,AR(p auto),-0.1546819714432037,-0.1000000000000005
2006-01-01,linear,-0.38008141607954965,-0.1000000000000005
2006-02-01,AR(1),-0.1458025449324899,-0.2999999999999998
2006-02-01,AR(p auto),-0.20009466660285594,-0.2999999999999998
2006-02-01,linear,-0.14853678666735112,-0.2999999999999998
2006-03-01,AR(1),-0.1358213496385824,-0.2999999999999998
2006-03-01,AR(p auto),-0.2053199057087365,-0.2999999999999998
2006-03-01,linear,0.0239018069130991,-0.2999999999999998
2006-04-01,AR(1),-0.12477828097584104,-0.2000000000000001
2006-04-01,AR(p auto),-0.17686772381221558,-0.2000000000000001
2006-04-01,linear,0.0456399443208404,-0.2000000000000001
2006-05-01,AR(1),-0.12161942379292462,-0.1999999999999993
2006-05-01,AR(p auto),-0.1468655556043751,-0.1999999999999993
2006-05-01,linear,0.07696417951667109,-0.1999999999999993
2006-06-01,AR(1),-0.12409131042107947,0.0
2006-06-01,AR(p auto),-0.15427672518912042,0.0
2006-06-01,linear,0.2525446694182501,0.0
2006-07-01,AR(1),-0.10501077759581919,0.0
2006-07-01,AR(p auto),-0.11681763546338188,0.0
2006-07-01,linear,0.23973311633607133,0.0
2006-08-01,AR(1),-0.08983138679149626,-0.1000000000000005
2006-08-01,AR(p auto),-0.10917848183865496,-0.1000000000000005
2006-08-01,linear,0.1628216495042063,-0.1000000000000005
2006-09-01,AR(1),-0.050421039762795015,0.2000000000000001
2006-09-01,AR(p auto),-0.05321933573095394,0.2000000000000001
2006-09-01,linear,-0.0895617052583648,0.2000000000000001
2006-10-01,AR(1),-0.11846615946433563,0.2999999999999998
2006-10-01,AR(p auto),-0.14137053231201616,0.2999999999999998
2006-10-01,linear,-0.15571878473727963,0.2999999999999998
2006-11-01,AR(1),-0.15478615049840647,0.2000000000000001
2006-11-01,AR(p auto),-0.2155732815811595,0.2000000000000001
2006-11-01,linear,-0.14761695909589875,0.2000000000000001
2006-12-01,AR(1),-0.13234462309368936,0.5999999999999996
2006-12-01,AR(p auto),-0.1960150295695989,0.5999999999999996
2006-12-01,linear,-0.33068373865070183,0.5999999999999996
2007-01-01,AR(1),-0.12538721141032205,0.4000000000000003
2007-01-01,AR(p auto),-0.18785457922086787,0.4000000000000003
2007-01-01,linear,-0.1517839369093645,0.4000000000000003
2007-02-01,AR(1),-0.01785278201685966,0.4000000000000003
2007-02-01,AR(p auto),-0.054671342923901585,0.4000000000000003
2007-02-01,linear,-0.23884424108847196,0.4000000000000003
2007-03-01,AR(1),-0.0877026891882834,0.6999999999999993
2007-03-01,AR(p auto),-0.06957116422095831,0.6999999999999993
2007-03-01,linear,0.16379362485973464,0.6999999999999993
2007-04-01,AR(1),-0.07767997575664906,0.5
2007-04-01,AR(p auto),-0.09175356244319924,0.5
2007-04-01,linear,-0.12542833130557868,0.5
2007-05-01,AR(1),-0.04934548017279982,1.0
2007-05-01,AR(p auto),-0.08174260824496789,1.0
2007-05-01,linear,-0.1581924525385534,1.0
2007-06-01,AR(1),-0.06006892754264751,1.0
2007-06-01,AR(p auto),-0.06327608060364,1.0
2007-06-01,linear,-0.2608388253710062,1.0
2007-07-01,AR(1),-0.030059574894709885,1.0999999999999996
2007-07-01,AR(p auto),-0.010953463086650227,1.0999999999999996
2007-07-01,linear,-0.014648514847497726,1.0999999999999996
2007-08-01,AR(1),-0.00587192898448522,1.5
2007-08-01,AR(p auto),-0.009096145253218805,1.5
2007-08-01,linear,0.11239365865544573,1.5
2007-09-01,AR(1),-0.038252005389896114,1.3999999999999997
2007-09-01,AR(p auto),-0.04251499334518243,1.3999999999999997
2007-09-01,linear,-0.010114164895757158,1.3999999999999997
2007-10-01,AR(1),0.043475998079814705,1.7999999999999998
2007-10-01,AR(p auto),0.0009705066198819089,1.7999999999999998
2007-10-01,linear,-0.0324188965335611,1.7999999999999998
2007-11-01,AR(1),0.049304084967464905,2.1
2007-11-01,AR(p auto),0.08100627933701539,2.1
2007-11-01,linear,0.03230014901126168,2.1
2007-12-01,AR(1),0.044150774572277576,2.3
2007-12-01,AR(p auto),0.08260868578399763,2.3
2007-12-01,linear,0.192739466735884,2.3
2008-01-01,AR(1),0.12316667660031051,2.8
2008-01-01,AR(p auto),0.14260448800311584,2.8
2008-01-01,linear,1.24846505584553,2.8
2008-02-01,AR(1),0.06147575450075234,3.4000000000000004
2008-02-01,AR(p auto),0.15704897191280356,3.4000000000000004
2008-02-01,linear,1.3792125463102873,3.4000000000000004
2008-03-01,AR(1),0.0858333062467767,3.6
2008-03-01,AR(p auto),0.11327147597725253,3.6
2008-03-01,linear,1.4440637373656005,3.6
2008-04-01,AR(1),0.1699447552127879,4.0
2008-04-01,AR(p auto),0.14916218845953186,4.0
2008-04-01,linear,1.0815014939479697,4.0
2008-05-01,AR(1),0.1276543970187071,4.0
2008-05-01,AR(p auto),0.1541147266430459,4.0
2008-05-01,linear,1.0899336786154463,4.0
2008-06-01,AR(1),0.21990712135577753,3.9
2008-06-01,AR(p auto),0.27017617940180755,3.9
2008-06-01,linear,1.4470739281413918,3.9
2008-07-01,AR(1),0.24893445099894052,3.7
2008-07-01,AR(p auto),0.30134288247894114,3.7
2008-07-01,linear,1.974520644706612,3.7
2008-08-01,AR(1),0.2560439607088871,3.5
2008-08-01,AR(p auto),0.3415274577049036,3.5
2008-08-01,linear,2.027081185562102,3.5
2008-09-01,AR(1),0.3816024620913339,3.700000000000001
2008-09-01,AR(p auto),0.4293765510035833,3.700000000000001
2008-09-01,linear,2.22776607482478,3.700000000000001
2008-10-01,AR(1),0.3476460692674073,3.5
2008-10-01,AR(p auto),0.46907159290661204,3.5
2008-10-01,linear,2.5224856554339814,3.5
2008-11-01,AR(1),0.47358390315985077,3.1000000000000005
2008-11-01,AR(p auto),0.5737357720837618,3.1000000000000005
2008-11-01,linear,2.65302646344786,3.1000000000000005
2008-12-01,AR(1),0.5320367067770285,2.6000000000000005
2008-12-01,AR(p auto),0.6734663337236103,2.6000000000000005
2008-12-01,linear,2.4825610155887,2.6000000000000005
2009-01-01,AR(1),0.6068522631081043,2.000000000000001
2009-01-01,AR(p auto),0.7511876525646596,2.000000000000001
2009-01-01,linear,2.110756634803605,2.000000000000001
2009-02-01,AR(1),0.7605781592001097,1.5
2009-02-01,AR(p auto),0.9745706519226031,1.5
2009-02-01,linear,2.170923182650164,1.5
2009-03-01,AR(1),0.9990159208053911,1.200000000000001
2009-03-01,AR(p auto),1.2162389777539089,1.200000000000001
2009-03-01,linear,2.210535228370508,1.200000000000001
2009-04-01,AR(1),1.1104122311186198,0.9000000000000004
2009-04-01,AR(p auto),1.4321994025467413,0.9000000000000004
2009-04-01,linear,1.647247588243745,0.9000000000000004
2009-05-01,AR(1),1.272021645433534,0.1999999999999993
2009-05-01,AR(p auto),1.6468461459306696,0.1999999999999993
2009-05-01,linear,0.9112223190078834,0.1999999999999993
2009-06-01,AR(1),1.285556433886495,-0.0999999999999996
2009-06-01,AR(p auto),1.6565545356446587,-0.0999999999999996
2009-06-01,linear,0.559818302207239,-0.0999999999999996
2009-07-01,AR(1),1.338530223224222,-0.0999999999999996
2009-07-01,AR(p auto),1.5747698985421152,-0.0999999999999996
2009-07-01,linear,-0.42235081758328885,-0.0999999999999996
2009-08-01,AR(1),1.2963859096522683,-0.0999999999999996
2009-08-01,AR(p auto),1.4811735370140477,-0.0999999999999996
2009-08-01,linear,-0.796652381135994,-0.0999999999999996
2009-09-01,AR(1),1.1740552552872077,-0.3000000000000007
2009-09-01,AR(p auto),1.3208105732673752,-0.3000000000000007
2009-09-01,linear,-0.6827827374463876,-0.3000000000000007
2009-10-01,AR(1),1.214605091714344,-0.5999999999999996
2009-10-01,AR(p auto),1.4190279079954216,-0.5999999999999996
2009-10-01,linear,-0.7686722654322231,-0.5999999999999996
2009-11-01,AR(1),1.26691613066505,-0.0999999999999996
2009-11-01,AR(p auto),1.5014475238122833,-0.0999999999999996
2009-11-01,linear,-0.31809757637209485,-0.0999999999999996
2009-12-01,AR(1),1.0760091637201699,-0.5999999999999996
2009-12-01,AR(p auto),1.259441229759679,-0.5999999999999996
2009-12-01,linear,-0.6378765746904735,-0.5999999999999996
2010-01-01,AR(1),0.9461167837715329,-0.7000000000000011
2010-01-01,AR(p auto),0.9159367640660322,-0.7000000000000011
2010-01-01,linear,-0.5970239134323914,-0.7000000000000011
2010-02-01,AR(1),0.687353584193451,-0.8000000000000007
2010-02-01,AR(p auto),0.6632717813538489,-0.8000000000000007
2010-02-01,linear,-0.5398700443449854,-0.8000000000000007
2010-03-01,AR(1),0.5662736452032374,-0.9000000000000004
2010-03-01,AR(p auto),0.4597493965368038,-0.9000000000000004
2010-03-01,linear,-0.7331392984712903,-0.9000000000000004
2010-04-01,AR(1),0.4386604183291016,-0.8000000000000007
2010-04-01,AR(p auto),0.32365323942066776,-0.8000000000000007
2010-04-01,linear,-0.9442981715329972,-0.8000000000000007
2010-05-01,AR(1),0.36260731973184973,-0.5999999999999996
2010-05-01,AR(p auto),0.25451367089086685,-0.5999999999999996
2010-05-01,linear,-0.8507268662222021,-0.5999999999999996
2010-06-01,AR(1),0.16264394673161675,-0.3000000000000007
2010-06-01,AR(p auto),0.0502162681845405,-0.3000000000000007
2010-06-01,linear,-0.3648258611368185,-0.3000000000000007
2010-07-01,AR(1),0.02240850408295459,-0.4000000000000003
2010-07-01,AR(p auto),-0.09172602131722649,-0.4000000000000003
2010-07-01,linear,-0.1954952315327932,-0.4000000000000003
2010-08-01,AR(1),0.04047244212283836,-0.5
2010-08-01,AR(p auto),-0.0955687410981833,-0.5
2010-08-01,linear,-0.43686588031490936,-0.5
2010-09-01,AR(1),0.06283314581192283,-0.5
2010-09-01,AR(p auto),-0.009094094654461071,-0.5
2010-09-01,linear,-0.6998075957951964,-0.5
2010-10-01,AR(1),-0.02020755787062644,-0.5999999999999996
2010-10-01,AR(p auto),-0.031601810693477256,-0.5999999999999996
2010-10-01,linear,-0.828408309890176,-0.5999999999999996
2010-11-01,AR(1),-0.12647070827664503,-1.200000000000001
2010-11-01,AR(p auto),-0.15250085793058624,-1.200000000000001
2010-11-01,linear,-0.7876893243429011,-1.200000000000001
2010-12-01,AR(1),0.041355115235238424,-0.8000000000000007
2010-12-01,AR(p auto),-0.0445496597308601,-0.8000000000000007
2010-12-01,linear,-0.8165454637332257,-0.8000000000000007
2011-01-01,AR(1),-0.1235374737828046,-0.7999999999999989
2011-01-01,AR(p auto),-0.09777840504533833,-0.7999999999999989
2011-01-01,linear,-0.6116932745917592,-0.7999999999999989
2011-02-01,AR(1),-0.17803669364446137,-0.6999999999999993
2011-02-01,AR(p auto),-0.2117488977793466,-0.6999999999999993
2011-02-01,linear,-0.46228764713558,-0.6999999999999993
2011-03-01,AR(1),-0.1943897152485427,-0.8000000000000007
2011-03-01,AR(p auto),-0.28466335340596055,-0.8000000000000007
2011-03-01,linear,-0.29187543755065626,-0.8000000000000007
2011-04-01,AR(1),-0.19765544011355823,-0.9000000000000004
2011-04-01,AR(p auto),-0.28686235918947217,-0.9000000000000004
2011-04-01,linear,-0.19628006699623876,-0.9000000000000004
2011-05-01,AR(1),-0.20201491046863915,-0.8000000000000007
2011-05-01,AR(p auto),-0.2261084132916539,-0.8000000000000007
2011-05-01,linear,-0.014254963560797543,-0.8000000000000007
2011-06-01,AR(1),-0.1038739823916714,-0.9000000000000004
2011-06-01,AR(p auto),-0.14532912444455706,-0.9000000000000004
2011-06-01,linear,0.2877452506039913,-0.9000000000000004
2011-07-01,AR(1),-0.05918893872309162,-0.8000000000000007
2011-07-01,AR(p auto),-0.03695029203764994,-0.8000000000000007
2011-07-01,linear,0.1339293331545157,-0.8000000000000007
2011-08-01,AR(1),-0.05771658703769009,-0.9000000000000004
2011-08-01,AR(p auto),-0.034167650937649285,-0.9000000000000004
2011-08-01,linear,0.4821952222782625,-0.9000000000000004
2011-09-01,AR(1),-0.10696930655349281,-1.2000000000000002
2011-09-01,AR(p auto),-0.11485457546413971,-1.2000000000000002
2011-09-01,linear,0.37603217742423334,-1.2000000000000002
2011-10-01,AR(1),-0.08339236728761265,-1.0000000000000009
2011-10-01,AR(p auto),-0.15743004114275255,-1.0000000000000009
2011-10-01,linear,0.47451409056202765,-1.0000000000000009
2011-11-01,AR(1),-0.11936265715635178,-0.8999999999999995
2011-11-01,AR(p auto),-0.15455000370504737,-0.8999999999999995
2011-11-01,linear,-0.025570348593414335,-0.8999999999999995
2011-12-01,AR(1),-0.30417971121705667,-0.5999999999999996
2011-12-01,AR(p auto),-0.34344204769125547,-0.5999999999999996
2011-12-01,linear,-0.0667953754117529,-0.5999999999999996
2012-01-01,AR(1),-0.17647105261071222,-0.3000000000000007
2012-01-01,AR(p auto),-0.3191184849547323,-0.3000000000000007
2012-01-01,linear,-0.1838216787196916,-0.3000000000000007
2012-02-01,AR(1),-0.1707918577568825,-0.6000000000000005
2012-02-01,AR(p auto),-0.2412141704584239,-0.6000000000000005
2012-02-01,linear,-0.40796304162079217,-0.6000000000000005
2012-03-01,AR(1),-0.17787712372463868,-0.6999999999999993
2012-03-01,AR(p auto),-0.14788021945872967,-0.6999999999999993
2012-03-01,linear,-0.303960922524129,-0.6999999999999993
2012-04-01,AR(1),-0.1837916139634368,-0.5999999999999996
2012-04-01,AR(p auto),-0.23370586517480965,-0.5999999999999996
2012-04-01,linear,-0.05971312595937995,-0.5999999999999996
2012-05-01,AR(1),-0.21693607769995887,-0.6999999999999993
2012-05-01,AR(p auto),-0.26241682021802826,-0.6999999999999993
2012-05-01,linear,0.32024377318380776,-0.6999999999999993
2012-06-01,AR(1),-0.21121653543451427,-0.6999999999999993
2012-06-01,AR(p auto),-0.24941660109814526,-0.6999999999999993
2012-06-01,linear,0.36976252520584424,-0.6999999999999993
2012-07-01,AR(1),-0.21294605693589405,-0.8999999999999995
2012-07-01,AR(p auto),-0.27184157547708004,-0.8999999999999995
2012-07-01,linear,0.22197998363720092,-0.8999999999999995
2012-08-01,AR(1),-0.20849169561833908,-0.8999999999999995
2012-08-01,AR(p auto),-0.25353926264401794,-0.8999999999999995
2012-08-01,linear,-0.013941841139353837,-0.8999999999999995
2012-09-01,AR(1),-0.21117722313973822,-0.5999999999999996
2012-09-01,AR(p auto),-0.2721618075278259,-0.5999999999999996
2012-09-01,linear,-0.211266771723499,-0.5999999999999996
2012-10-01,AR(1),-0.31760260948461094,-0.5999999999999996
2012-10-01,AR(p auto),-0.376878445168138,-0.5999999999999996
2012-10-01,linear,0.029795060201555788,-0.5999999999999996
2012-11-01,AR(1),-0.27206855517238754,-0.7999999999999998
2012-11-01,AR(p auto),-0.3833951641206612,-0.7999999999999998
2012-11-01,linear,0.2584969944923483,-0.7999999999999998
2012-12-01,AR(1),-0.23428985353290654,-1.2000000000000002
2012-12-01,AR(p auto),-0.2672299391147984,-1.2000000000000002
2012-12-01,linear,0.178510396766471,-1.2000000000000002
2013-01-01,AR(1),-0.136189639035536,-1.4000000000000004
2013-01-01,AR(p auto),-0.14695191673902092,-1.4000000000000004
2013-01-01,linear,-0.1864238266234314,-1.4000000000000004
2013-02-01,AR(1),-0.03376730706456357,-1.0
2013-02-01,AR(p auto),-0.026092524000710205,-1.0
2013-02-01,linear,-0.3252830438566835,-1.0
2013-03-01,AR(1),-0.1101187449753784,-0.7999999999999998
2013-03-01,AR(p auto),-0.1236161319147716,-0.7999999999999998
2013-03-01,linear,-0.3211809988035561,-0.7999999999999998
2013-04-01,AR(1),-0.16659268245983486,-1.3999999999999997
2013-04-01,AR(p auto),-0.21162892368234051,-1.3999999999999997
2013-04-01,linear,-0.00890909733206325,-1.3999999999999997
2013-05-01,AR(1),-0.1261874665206829,-1.2000000000000002
2013-05-01,AR(p auto),-0.21318025854368894,-1.2000000000000002
2013-05-01,linear,-0.1841255424074476,-1.2000000000000002
2013-06-01,AR(1),-0.14571527731149095,-1.4000000000000004
2013-06-01,AR(p auto),-0.18041212505187668,-1.4000000000000004
2013-06-01,linear,0.0030431166610564364,-1.4000000000000004
2013-07-01,AR(1),-0.1862797309367191,-1.0999999999999996
2013-07-01,AR(p auto),-0.2160374052637365,-1.0999999999999996
2013-07-01,linear,-0.10701348412091514,-1.0999999999999996
2013-08-01,AR(1),-0.22216032106151604,-1.1000000000000003
2013-08-01,AR(p auto),-0.27104449629392946,-1.1000000000000003
2013-08-01,linear,0.06764840261813458,-1.1000000000000003
2013-09-01,AR(1),-0.2329477259211749,-1.2999999999999998
2013-09-01,AR(p auto),-0.316109135146226,-1.2999999999999998
2013-09-01,linear,-0.0824340129307127,-1.2999999999999998
2013-10-01,AR(1),-0.14463251501082344,-1.5
2013-10-01,AR(p auto),-0.19083080853795406,-1.5
2013-10-01,linear,-0.11743258022710068,-1.5
2013-11-01,AR(1),-0.14533527949978545,-1.1000000000000003
2013-11-01,AR(p auto),-0.14972560520941902,-1.1000000000000003
2013-11-01,linear,-0.266404338525781,-1.1000000000000003
2013-12-01,AR(1),-0.19732800181196905,-1.1000000000000003
2013-12-01,AR(p auto),-0.2296760393709367,-1.1000000000000003
2013-12-01,linear,-0.2650378893130664,-1.1000000000000003
2014-01-01,AR(1),-0.3373041393412387,-0.8999999999999995
2014-01-01,AR(p auto),-0.4077933916015589,-0.8999999999999995
2014-01-01,linear,-0.07025789799077208,-0.8999999999999995
2014-02-01,AR(1),-0.39748638596680497,-1.2000000000000002
2014-02-01,AR(p auto),-0.5428471963410675,-1.2000000000000002
2014-02-01,linear,-0.019053804583545154,-1.2000000000000002
2014-03-01,AR(1),-0.3124447061232448,-1.2999999999999998
2014-03-01,AR(p auto),-0.42799376206392903,-1.2999999999999998
2014-03-01,linear,-0.18181049453619458,-1.2999999999999998
2014-04-01,AR(1),-0.22479726264567113,-0.7999999999999998
2014-04-01,AR(p auto),-0.2275649396393177,-0.7999999999999998
2014-04-01,linear,-0.32603657158449395,-0.7999999999999998
2014-05-01,AR(1),-0.4437196847657917,-0.7000000000000002
2014-05-01,AR(p auto),-0.4218197882304817,-0.7000000000000002
2014-05-01,linear,-0.20877734281998148,-0.7000000000000002
2014-06-01,AR(1),-0.3241885400936681,-0.7999999999999998
2014-06-01,AR(p auto),-0.4555674284011428,-0.7999999999999998
2014-06-01,linear,-0.16729003066583026,-0.7999999999999998
2014-07-01,AR(1),-0.4284137918056979,-1.0
2014-07-01,AR(p auto),-0.5198077511725012,-1.0
2014-07-01,linear,-0.20762210326032066,-1.0
2014-08-01,AR(1),-0.30816509237147977,-1.0
2014-08-01,AR(p auto),-0.41852977972186217,-1.0
2014-08-01,linear,-0.177571988195742,-1.0
2014-09-01,AR(1),-0.2998966798573402,-0.9000000000000004
2014-09-01,AR(p auto),-0.36985048800113646,-0.9000000000000004
2014-09-01,linear,-0.07483580780813104,-0.9000000000000004
2014-10-01,AR(1),-0.3765747936165743,-0.7000000000000002
2014-10-01,AR(p auto),-0.41178878074364866,-0.7000000000000002
2014-10-01,linear,0.05605270173401179,-0.7000000000000002
2014-11-01,AR(1),-0.44600350977358033,-0.7000000000000002
2014-11-01,AR(p auto),-0.5185623184099579,-0.7000000000000002
2014-11-01,linear,-0.1733284297888911,-0.7000000000000002
2014-12-01,AR(1),-0.2752218546475576,-0.5999999999999996
2014-12-01,AR(p auto),-0.4365936317093297,-0.5999999999999996
2014-12-01,linear,-0.08984424582534263,-0.5999999999999996
2015-01-01,AR(1),-0.34050182834084963,-0.9000000000000004
2015-01-01,AR(p auto),-0.36027574484358815,-0.9000000000000004
2015-01-01,linear,-0.023485100396701132,-0.9000000000000004
2015-02-01,AR(1),-0.24108137823192857,-0.5999999999999996
2015-02-01,AR(p auto),-0.28745723959321406,-0.5999999999999996
2015-02-01,linear,0.11962700541108638,-0.5999999999999996
2015-03-01,AR(1),-0.3575478234970694,-0.4000000000000003
2015-03-01,AR(p auto),-0.36560787352130464,-0.4000000000000003
2015-03-01,linear,0.10990202545157773,-0.4000000000000003
2015-04-01,AR(1),-0.40590024276175046,-0.3000000000000007
2015-04-01,AR(p auto),-0.5138448940145486,-0.3000000000000007
2015-04-01,linear,0.053350632675789045,-0.3000000000000007
2015-05-01,AR(1),-0.22025968380345257,-0.7999999999999998
2015-05-01,AR(p auto),-0.32480985818242275,-0.7999999999999998
2015-05-01,linear,0.09015986937493209,-0.7999999999999998
2015-06-01,AR(1),-0.21499165926998964,-0.3999999999999994
2015-06-01,AR(p auto),-0.21555557204880993,-0.3999999999999994
2015-06-01,linear,0.15979618847077232,-0.3999999999999994
2015-07-01,AR(1),-0.23433171471777559,-0.4000000000000003
2015-07-01,AR(p auto),-0.2545293892266826,-0.4000000000000003
2015-07-01,linear,0.14316775761395814,-0.4000000000000003
2015-08-01,AR(1),-0.3017652480885432,-0.1999999999999993
2015-08-01,AR(p auto),-0.3180386854481498,-0.1999999999999993
2015-08-01,linear,0.29534581228987594,-0.1999999999999993
2015-09-01,AR(1),-0.29561986833297005,0.0
2015-09-01,AR(p auto),-0.3964257282231945,0.0
2015-09-01,linear,0.45363972738878927,0.0
2015-10-01,AR(1),-0.287658773991231,-0.0999999999999996
2015-10-01,AR(p auto),-0.3351234226110659,-0.0999999999999996
2015-10-01,linear,0.24916889937443434,-0.0999999999999996
2015-11-01,AR(1),-0.19218850416112626,-0.3999999999999994
2015-11-01,AR(p auto),-0.2812835166552833,-0.3999999999999994
2015-11-01,linear,0.0788911970937857,-0.3999999999999994
2015-12-01,AR(1),-0.18343837409925828,-0.2999999999999998
2015-12-01,AR(p auto),-0.22896797575692288,-0.2999999999999998
2015-12-01,linear,0.012924242465027033,-0.2999999999999998
2016-01-01,AR(1),-0.18650556140967817,-0.0999999999999996
2016-01-01,AR(p auto),-0.21816682315460337,-0.0999999999999996
2016-01-01,linear,0.475877166027052,-0.0999999999999996
2016-02-01,AR(1),-0.26811373744304695,-0.3000000000000007
2016-02-01,AR(p auto),-0.2957842683874497,-0.3000000000000007
2016-02-01,linear,0.432952677693095,-0.3000000000000007
2016-03-01,AR(1),-0.16576528283082723,-0.5999999999999996
2016-03-01,AR(p auto),-0.28178104509509344,-0.5999999999999996
2016-03-01,linear,0.15109293849349442,-0.5999999999999996
2016-04-01,AR(1),-0.11947521194833774,-0.6999999999999993
2016-04-01,AR(p auto),-0.1991627118429604,-0.6999999999999993
2016-04-01,linear,-0.3445852006576679,-0.6999999999999993
2016-05-01,AR(1),-0.07372656337048798,-0.3999999999999994
2016-05-01,AR(p auto),-0.09333341634385932,-0.3999999999999994
2016-05-01,linear,-0.29292834250410643,-0.3999999999999994
2016-06-01,AR(1),-0.25174026136759914,-0.6000000000000005
2016-06-01,AR(p auto),-0.2454636404458184,-0.6000000000000005
2016-06-01,linear,-0.18035605008566724,-0.6000000000000005
2016-07-01,AR(1),-0.09065141065952315,-0.5
2016-07-01,AR(p auto),-0.23367555169471918,-0.5
2016-07-01,linear,-0.0607997529060244,-0.5
2016-08-01,AR(1),-0.1348999667828136,-0.5
2016-08-01,AR(p auto),-0.144041925557933,-0.5
2016-08-01,linear,-0.07855696261659198,-0.5
2016-09-01,AR(1),-0.03033955396802652,-0.7000000000000002
2016-09-01,AR(p auto),-0.04401254316086274,-0.7000000000000002
2016-09-01,linear,-0.011530196191776018,-0.7000000000000002
2016-10-01,AR(1),-0.02955311727633797,-0.7000000000000002
2016-10-01,AR(p auto),-0.015344100941644038,-0.7000000000000002
2016-10-01,linear,0.09309263792293412,-0.7000000000000002
2016-11-01,AR(1),-0.023496496368437356,-0.5
2016-11-01,AR(p auto),0.00044550778170222453,-0.5
2016-11-01,linear,0.0984850583245705,-0.5
2016-12-01,AR(1),-0.09578963638497286,-0.6000000000000005
2016-12-01,AR(p auto),-0.1312482745257339,-0.6000000000000005
2016-12-01,linear,-0.2053006131143692,-0.6000000000000005
2017-01-01,AR(1),-0.0674814325603649,-0.7000000000000002
2017-01-01,AR(p auto),-0.15707954217192535,-0.7000000000000002
2017-01-01,linear,-0.18268819648210663,-0.7000000000000002
2017-02-01,AR(1),-0.04744889652947238,-0.5
2017-02-01,AR(p auto),-0.08647563925820793,-0.5
2017-02-01,linear,-0.2846507373144695,-0.5
2017-03-01,AR(1),-0.07376574239365864,-0.4000000000000003
2017-03-01,AR(p auto),-0.10806363296030823,-0.4000000000000003
2017-03-01,linear,-0.0753017772427662,-0.4000000000000003
2017-04-01,AR(1),-0.14435314928715046,-0.4000000000000003
2017-04-01,AR(p auto),-0.2323951810814468,-0.4000000000000003
2017-04-01,linear,-0.18762285025162045,-0.4000000000000003
2017-05-01,AR(1),-0.20638880796769357,-0.6000000000000005
2017-05-01,AR(p auto),-0.30794728148741934,-0.6000000000000005
2017-05-01,linear,-0.10695547538300074,-0.6000000000000005
2017-06-01,AR(1),-0.12124795079913685,-0.2999999999999998
2017-06-01,AR(p auto),-0.22390069333156246,-0.2999999999999998
2017-06-01,linear,-0.19676447467856717,-0.2999999999999998
2017-07-01,AR(1),-0.18709748126490414,-0.5
2017-07-01,AR(p auto),-0.21313956978556148,-0.5
2017-07-01,linear,-0.14150790368383945,-0.5
2017-08-01,AR(1),-0.1363375236515278,-0.6000000000000005
2017-08-01,AR(p auto),-0.16759977509168708,-0.6000000000000005
2017-08-01,linear,-0.10034763348717973,-0.6000000000000005
2017-09-01,AR(1),-0.1505329652030415,-0.5999999999999996
2017-09-01,AR(p auto),-0.20973440395922116,-0.5999999999999996
2017-09-01,linear,-0.1714540934673254,-0.5999999999999996
2017-10-01,AR(1),-0.2153365155061341,-0.4000000000000003
2017-10-01,AR(p auto),-0.2530034934604694,-0.4000000000000003
2017-10-01,linear,-0.30485574550933814,-0.4000000000000003
2017-11-01,AR(1),-0.2168753734874638,-0.4000000000000003
2017-11-01,AR(p auto),-0.3062122431277752,-0.4000000000000003
2017-11-01,linear,-0.434014629669977,-0.4000000000000003
2017-12-01,AR(1),-0.17409776449312395,-0.1999999999999997
2017-12-01,AR(p auto),-0.2595982548870695,-0.1999999999999997
2017-12-01,linear,-0.4996969664938501,-0.1999999999999997
2018-01-01,AR(1),-0.17510547704899368,0.0
2018-01-01,AR(p auto),-0.2247451220660737,0.0
2018-01-01,linear,-0.4613133107163626,0.0
2018-02-01,AR(1),-0.23489779051942258,-0.2999999999999998
2018-02-01,AR(p auto),-0.26904086334336824,-0.2999999999999998
2018-02-01,linear,-0.16526497117951872,-0.2999999999999998
2018-03-01,AR(1),-0.14208081529464991,-0.2000000000000001
2018-03-01,AR(p auto),-0.20588777649033702,-0.2000000000000001
2018-03-01,linear,0.024942979576493475,-0.2000000000000001
2018-04-01,AR(1),-0.12105039015404997,-0.2999999999999998
2018-04-01,AR(p auto),-0.16785262620254168,-0.2999999999999998
2018-04-01,linear,0.12111018005446443,-0.2999999999999998
2018-05-01,AR(1),-0.11928507303872721,-0.1999999999999997
2018-05-01,AR(p auto),-0.13871578149369337,-0.1999999999999997
2018-05-01,linear,-0.11065510810821233,-0.1999999999999997
2018-06-01,AR(1),-0.15880813229630178,-0.3999999999999999
2018-06-01,AR(p auto),-0.21614411326295402,-0.3999999999999999
2018-06-01,linear,-0.14634671796211407,-0.3999999999999999
2018-07-01,AR(1),-0.10697843118452582,-0.0999999999999996
2018-07-01,AR(p auto),-0.15582216305063487,-0.0999999999999996
2018-07-01,linear,-0.17294895219885398,-0.0999999999999996
2018-08-01,AR(1),-0.18501757959415827,-0.1999999999999997
2018-08-01,AR(p auto),-0.20552492466856168,-0.1999999999999997
2018-08-01,linear,-0.237589032037117,-0.1999999999999997
2018-09-01,AR(1),-0.18437491879050288,-0.2000000000000001
2018-09-01,AR(p auto),-0.2205124308560376,-0.2000000000000001
2018-09-01,linear,-0.11635519313266549,-0.2000000000000001
2018-10-01,AR(1),-0.2008998268520827,-0.1999999999999997
2018-10-01,AR(p auto),-0.2828384746556196,-0.1999999999999997
2018-10-01,linear,0.08468804358860726,-0.1999999999999997
2018-11-01,AR(1),-0.14908689325853605,-0.1999999999999997
2018-11-01,AR(p auto),-0.1863342000914577,-0.1999999999999997
2018-11-01,linear,0.21004942293685303,-0.1999999999999997
2018-12-01,AR(1),-0.1142346533825602,-0.2999999999999998
2018-12-01,AR(p auto),-0.16062603389603003,-0.2999999999999998
2018-12-01,linear,0.647151878425673,-0.2999999999999998
2019-01-01,AR(1),-0.07796382765297485,-0.3999999999999999
2019-01-01,AR(p auto),-0.07324437420513942,-0.3999999999999999
2019-01-01,linear,0.42736013345503787,-0.3999999999999999
2019-02-01,AR(1),-0.0005594772603695252,-0.2999999999999998
2019-02-01,AR(p auto),-0.01682058282257904,-0.2999999999999998
2019-02-01,linear,0.1919912086106371,-0.2999999999999998
2019-03-01,AR(1),-0.10893066638615254,0.6000000000000005
2019-03-01,AR(p auto),-0.08098666361092073,0.6000000000000005
2019-03-01,linear,-0.3755018277008789,0.6000000000000005
2019-04-01,AR(1),-0.062217855838467825,11.1
2019-04-01,AR(p auto),-0.12544202254156103,11.1
2019-04-01,linear,-0.08845653214596944,11.1
2019-05-01,AR(1),-0.11473025237542843,9.6
2019-05-01,AR(p auto),-0.11446707058521395,9.6
2019-05-01,linear,0.07241998712479189,9.6
2019-06-01,AR(1),-0.07651458743458714,7.4
2019-06-01,AR(p auto),-0.1112118971429251,7.4
2019-06-01,linear,-0.009501984614551047,7.4
2019-07-01,AR(1),-0.11643901821119075,6.499999999999999
2019-07-01,AR(p auto),-0.13789483305506736,6.499999999999999
2019-07-01,linear,-0.17871795122151435,6.499999999999999
2019-08-01,AR(1),-0.025649940838212214,4.800000000000001
2019-08-01,AR(p auto),-0.09771840260750445,4.800000000000001
2019-08-01,linear,-0.18763678749583929,4.800000000000001
2019-09-01,AR(1),-0.06176392753552899,4.3
2019-09-01,AR(p auto),-0.09861299908875719,4.3
2019-09-01,linear,-0.1425801585751797,4.3
2019-10-01,AR(1),-0.08514935927765023,3.3000000000000003
2019-10-01,AR(p auto),-0.0824493973854106,3.3000000000000003
2019-10-01,linear,0.12930256477501234,3.3000000000000003
2019-11-01,AR(1),-0.07365156623000677,3.1
2019-11-01,AR(p auto),-0.0996342270516344,3.1
2019-11-01,linear,-0.048106862071429606,3.1
2019-12-01,AR(1),-0.08055130059927332,3.1
2019-12-01,AR(p auto),-0.0735850435148196,3.1
2019-12-01,linear,0.04531697415288967,3.1
2020-01-01,AR(1),-0.10141469682339845,2.8000000000000003
2020-01-01,AR(p auto),-0.1046857277882211,2.8000000000000003
2020-01-01,linear,-0.18060023052716884,2.8000000000000003
2020-02-01,AR(1),-0.14967326907050194,2.7
2020-02-01,AR(p auto),-0.18420312798511954,2.7
2020-02-01,linear,0.11550678531129988,2.7
2020-03-01,AR(1),-0.0990219156219936,1.6999999999999993
2020-03-01,AR(p auto),-0.17023207894905706,1.6999999999999993
2020-03-01,linear,2.1131013956220865,1.6999999999999993
2020-04-01,AR(1),0.14449214365675164,-8.700000000000001
2020-04-01,AR(p auto),0.17891673456460852,-8.700000000000001
2020-04-01,linear,0.9802769245723788,-8.700000000000001
2020-05-01,AR(1),2.9574787152698607,-7.399999999999999
2020-05-01,AR(p auto),3.278400284948654,-7.399999999999999
2020-05-01,linear,-1.0122212101598473,-7.399999999999999
2020-06-01,AR(1),2.2645485261077947,-5.1
2020-06-01,AR(p auto),3.586860984849798,-5.1
2020-06-01,linear,-2.0177000974250134,-5.1
2020-07-01,AR(1),1.3010291267998608,-4.799999999999999
2020-07-01,AR(p auto),2.557346539080323,-4.799999999999999
2020-07-01,linear,0.46550656831384757,-4.799999999999999
2020-08-01,AR(1),1.0449221056809592,-3.3000000000000007
2020-08-01,AR(p auto),1.9865528520007274,-3.3000000000000007
2020-08-01,linear,0.19901781603076904,-3.3000000000000007
2020-09-01,AR(1),0.693667942018301,-3.1
2020-09-01,AR(p auto),1.0816429814209596,-3.1
2020-09-01,linear,0.2843596840467066,-3.1
2020-10-01,AR(1),0.5912693857720412,-2.4000000000000004
2020-10-01,AR(p auto),0.8819319877036441,-2.4000000000000004
2020-10-01,linear,0.17947815021994457,-2.4000000000000004
2020-11-01,AR(1),0.5309822459751788,-2.5
2020-11-01,AR(p auto),0.6602428246020884,-2.5
2020-11-01,linear,-0.32885998151922635,-2.5
2020-12-01,AR(1),0.5103881955200346,-2.8000000000000003
2020-12-01,AR(p auto),0.5854797739668182,-2.8000000000000003
2020-12-01,linear,-0.25426582437276257,-2.8000000000000003
2021-01-01,AR(1),0.39765612533441336,-2.4000000000000004
2021-01-01,AR(p auto),0.6151772376693211,-2.4000000000000004
2021-01-01,linear,-0.9219786900229763,-2.4000000000000004
2021-02-01,AR(1),0.354504231755882,-2.4000000000000004
2021-02-01,AR(p auto),0.5712227922577194,-2.4000000000000004
2021-02-01,linear,-0.9062013863063718,-2.4000000000000004
2021-03-01,AR(1),0.36878850162307936,-2.3999999999999995
2021-03-01,AR(p auto),0.5388883872518685,-2.3999999999999995
2021-03-01,linear,-1.4797510777631158,-2.3999999999999995
2021-04-01,AR(1),0.1913266382237403,-2.3999999999999995
2021-04-01,AR(p auto),0.35128723132552686,-2.3999999999999995
2021-04-01,linear,-1.2304894136445592,-2.3999999999999995
2021-05-01,AR(1),-0.9081470125884938,-2.2
2021-05-01,AR(p auto),-0.6996919434140103,-2.2
2021-05-01,linear,-1.3186116812744426,-2.2
2021-06-01,AR(1),-0.32776471480570374,-2.3000000000000003
2021-06-01,AR(p auto),-0.6952483177132858,-2.3000000000000003
2021-06-01,linear,-0.13801455542622845,-2.3000000000000003
2021-07-01,AR(1),-0.2949807907308301,-1.9000000000000004
2021-07-01,AR(p auto),-0.5968610810121545,-1.9000000000000004
2021-07-01,linear,-0.10292108812080389,-1.9000000000000004
2021-08-01,AR(1),-0.2778875333452538,-1.4999999999999996
2021-08-01,AR(p auto),-0.47761744570724496,-1.4999999999999996
2021-08-01,linear,-0.6275315154151018,-1.4999999999999996
2021-09-01,AR(1),-0.07925584606252194,-1.2000000000000002
2021-09-01,AR(p auto),-0.29532215384250665,-1.2000000000000002
2021-09-01,linear,-0.8979661999666815,-1.2000000000000002
2021-10-01,AR(1),-0.1287821434413427,-0.8999999999999999
2021-10-01,AR(p auto),-0.2655539402715938,-0.8999999999999999
2021-10-01,linear,-0.9002766558934598,-0.8999999999999999
2021-11-01,AR(1),-0.08006450061638086,-0.6000000000000001
2021-11-01,AR(p auto),-0.18894491373777503,-0.6000000000000001
2021-11-01,linear,-0.9859827373557115,-0.6000000000000001
2021-12-01,AR(1),-0.10595980116701227,-0.3999999999999999
2021-12-01,AR(p auto),-0.266587985139541,-0.3999999999999999
2021-12-01,linear,-0.8925730971716372,-0.3999999999999999
2022-01-01,AR(1),-0.14078896904962276,-0.5
2022-01-01,AR(p auto),-0.23948170017285697,-0.5
2022-01-01,linear,-0.5380003841443448,-0.5
2022-02-01,AR(1),-0.08306210245569355,-0.1999999999999997
2022-02-01,AR(p auto),-0.2277231605820343,-0.1999999999999997
2022-02-01,linear,-0.1579629760136999,-0.1999999999999997
2022-03-01,AR(1),-0.06495696221563578,-0.2000000000000001
2022-03-01,AR(p auto),-0.22466753421278554,-0.2000000000000001
2022-03-01,linear,0.013097946411766134,-0.2000000000000001
2022-04-01,AR(1),-0.118691169207636,-0.3000000000000002
2022-04-01,AR(p auto),-0.2116020653158551,-0.3000000000000002
2022-04-01,linear,0.3706683315849331,-0.3000000000000002
2022-05-01,AR(1),-0.09940210445420261,0.0
2022-05-01,AR(p auto),-0.2323196029120607,0.0
2022-05-01,linear,0.5424872618573441,0.0
2022-06-01,AR(1),-0.09348944151000232,0.0
2022-06-01,AR(p auto),-0.22348619586672447,0.0
2022-06-01,linear,0.7535256046192386,0.0
2022-07-01,AR(1),-0.09177315265212972,0.0
2022-07-01,AR(p auto),-0.23836964068582367,0.0
2022-07-01,linear,0.8174739404734974,0.0
2022-08-01,AR(1),-0.09870970189083757,0.1
2022-08-01,AR(p auto),-0.21308591801460916,0.1
2022-08-01,linear,0.33610646592018045,0.1
2022-09-01,AR(1),-0.09277640225678616,0.2999999999999998
2022-09-01,AR(p auto),-0.17372727105388838,0.2999999999999998
2022-09-01,linear,0.5008134784803181,0.2999999999999998
2022-10-01,AR(1),-0.08237076779888063,0.2999999999999998
2022-10-01,AR(p auto),-0.1418344694978276,0.2999999999999998
2022-10-01,linear,0.7012662185762742,0.2999999999999998
2022-11-01,AR(1),-0.05531621851870062,0.1
2022-11-01,AR(p auto),-0.1667671058619504,0.1
2022-11-01,linear,0.9483410389525169,0.1
2022-12-01,AR(1),-0.05223815437372691,0.2999999999999998
2022-12-01,AR(p auto),-0.08905941536287891,0.2999999999999998
2022-12-01,linear,0.6876651305865631,0.2999999999999998
2023-01-01,AR(1),-0.04449188447866063,0.2000000000000001
2023-01-01,AR(p auto),-0.06544522128770766,0.2000000000000001
2023-01-01,linear,0.21331388226221915,0.2000000000000001
2023-02-01,AR(1),-0.02653307463133579,0.2999999999999998
2023-02-01,AR(p auto),-0.0695108922422448,0.2999999999999998
2023-02-01,linear,0.2141631753165308,0.2999999999999998
2023-03-01,AR(1),-0.03808025942108394,0.3999999999999999
2023-03-01,AR(p auto),-0.05413976938693958,0.3999999999999999
2023-03-01,linear,0.2557883010624543,0.3999999999999999
2023-04-01,AR(1),-0.02857162318102987,0.5
2023-04-01,AR(p auto),-0.05375425044241315,0.5
2023-04-01,linear,0.4111704845541823,0.5
2023-05-01,AR(1),-0.06932377248788518,0.3999999999999999
2023-05-01,AR(p auto),-0.049469922061535186,0.3999999999999999
2023-05-01,linear,0.39341784815650116,0.3999999999999999
2023-06-01,AR(1),-0.03151690244015718,0.4999999999999995
2023-06-01,AR(p auto),-0.038339681862388106,0.4999999999999995
2023-06-01,linear,0.19194736918443145,0.4999999999999995
2023-07-01,AR(1),-0.020256582984544202,0.7000000000000002
2023-07-01,AR(p auto),-0.03387885711758225,0.7000000000000002
2023-07-01,linear,-0.13532432447643594,0.7000000000000002
2023-08-01,AR(1),-0.035511319582891006,0.5
2023-08-01,AR(p auto),-0.05571192218800665,0.5
2023-08-01,linear,-0.1598592192408781,0.5
2023-09-01,AR(1),-0.018389839363586957,0.2999999999999998
2023-09-01,AR(p auto),-0.017849429827939862,0.2999999999999998
2023-09-01,linear,-0.08725702109552581,0.2999999999999998
2023-10-01,AR(1),-0.011236210915651886,0.1999999999999997
2023-10-01,AR(p auto),-0.010068112599394717,0.1999999999999997
2023-10-01,linear,0.19777078230700582,0.1999999999999997
2023-11-01,AR(1),-0.02000802122913997,0.5
2023-11-01,AR(p auto),-0.005160801498486086,0.5
2023-11-01,linear,-0.10040487564827139,0.5
2023-12-01,AR(1),-0.018213802743779352,0.2999999999999998
2023-12-01,AR(p auto),-0.011255426379073265,0.2999999999999998
2023-12-01,linear,-0.33158593487233917,0.2999999999999998
2024-01-01,AR(1),-0.010382273210651792,0.2999999999999998
2024-01-01,AR(p auto),-0.009454025721103822,0.2999999999999998
2024-01-01,linear,-0.26323555644908736,0.2999999999999998
2024-02-01,AR(1),-0.006874689036270459,0.1999999999999997
2024-02-01,AR(p auto),-0.015157500800548552,0.1999999999999997
2024-02-01,linear,-0.31804544145824043,0.1999999999999997
2024-03-01,AR(1),-0.019816127868289183,0.3000000000000002
2024-03-01,AR(p auto),-0.004348761635520984,0.3000000000000002
2024-03-01,linear,-0.19486719020559762,0.3000000000000002
2024-04-01,AR(1),0.005002218473754267,0.3000000000000002
2024-04-01,AR(p auto),0.017231657741198846,0.3000000000000002
2024-04-01,linear,-0.25373155074308124,0.3000000000000002
2024-05-01,AR(1),-0.003852036492099743,0.2000000000000001
2024-05-01,AR(p auto),-0.013505207689381776,0.2000000000000001
2024-05-01,linear,-0.27442878563392825,0.2000000000000001
2024-06-01,AR(1),-0.004368027764648768,0.0
2024-06-01,AR(p auto),0.011441377529887014,0.0
2024-06-01,linear,-0.43413005030772106,0.0
2024-07-01,AR(1),0.003502516117907073,0.0
2024-07-01,AR(p auto),0.015647061111102683,0.0
2024-07-01,linear,-0.5430308809683697,0.0
2024-08-01,AR(1),0.020174472095696602,0.0999999999999996
2024-08-01,AR(p auto),0.029828710731673418,0.0999999999999996
2024-08-01,linear,-0.31503958884442496,0.0999999999999996
