date,y_hat,y_true,y_hat_p05,y_hat_p95,y_hat_base
1963-12-01,0.07047274223423751,0.0,,,-0.08088954541780885
1964-01-01,0.01768236972878801,-0.10000000000000053,,,0.14107674152909128
1964-02-01,0.09072183756736331,-0.5,,,0.40811400958946137
1964-03-01,0.1656809599242932,-0.2999999999999998,,,0.2426368274010933
1964-04-01,0.091963077224533,-0.40000000000000036,,,0.23895496306071015
1964-05-01,0.15970920433285912,-0.8000000000000007,,,0.3920444820197059
1964-06-01,0.1902176874755763,-0.39999999999999947,,,0.2351403762182508
1964-07-01,0.11209150558462352,-0.6999999999999993,,,0.2820202861072402
1964-08-01,0.12977800567435874,-0.40000000000000036,,,0.033819744023823185
1964-09-01,0.07594019925881824,-0.40000000000000036,,,0.12312603256670007
1964-10-01,0.11725124107986909,-0.40000000000000036,,,0.21252108402862924
1964-11-01,0.12396932778084484,-0.9000000000000004,,,0.16321767769872803
1964-12-01,0.10227214787576776,-0.5,0.021382602457958907,0.18316169329357662,0.15975470182316032
1965-01-01,0.09005802895113374,-0.6999999999999993,-0.15101871257795807,0.33113477048022555,0.11033141490605568
1965-02-01,0.08284621334734267,-0.3000000000000007,-0.8252677962421187,0.990960222936804,-0.0800708210902293
1965-03-01,0.04461839893583081,-0.7000000000000002,-0.4980184284652623,0.587255226336924,0.005630839962840825
1965-04-01,0.06690106210985514,-0.5,-0.5720539009508554,0.7058560251705657,-0.04694532907584063
1965-05-01,0.02531667296994088,-0.5,-1.1667278090497657,1.2173611549896473,-0.2491114764890431
1965-06-01,0.05258056805039539,-0.6000000000000005,-0.5825598081678549,0.6877209442686456,-0.06331596814156108
1965-07-01,0.012208082561171724,-0.5,-0.9698122035460679,0.9942283686684112,-0.2098618597292473
1965-08-01,-0.003016389954600891,-0.5999999999999996,-0.43683613397842447,0.43080335406922265,-0.07875830722977782
1965-09-01,-0.004441805616331509,-0.7999999999999998,-0.527567838183032,0.5186842269503689,-0.08493582443741383
1965-10-01,-0.017412814431277363,-0.8999999999999995,-0.629933898459907,0.5951082695973522,-0.09088076144700503
1965-11-01,-0.008803870876526444,-0.7000000000000002,-1.0720215485752547,1.054413806822202,-0.3273151518682695
1965-12-01,-0.04767846250001152,-1.0,-0.6784899065029042,0.5831329815028812,-0.1477055312239062
1966-01-01,-0.050037758936764966,-0.9000000000000004,-0.8319064401739718,0.7318309223004418,-0.24339900067923714
1966-02-01,-0.06668407196399112,-1.2999999999999998,-0.940388840019468,0.8070206960914856,-0.07654536987711015
1966-03-01,-0.03470738401697229,-0.9000000000000004,-0.7321885233517259,0.6627737553177814,-0.24780962691514072
1966-04-01,-0.09767630778924842,-1.0,-0.7273362562431314,0.5319836406646345,-0.16959103733273131
1966-05-01,-0.0962099122087024,-0.6999999999999997,-1.2411965963029714,1.0487767718855667,-0.17529810081512123
1966-06-01,-0.08467366701660008,-0.7999999999999998,-0.7148912260168597,0.5455438919836596,-0.22296776302540972
1966-07-01,-0.09544804013572988,-0.6000000000000005,-1.042874218951145,0.8519781386796854,-0.1871843681953033
1966-08-01,-0.11251829927160358,-0.6000000000000005,-0.6293888946045055,0.40435229606129836,-0.23434677291039746
1966-09-01,-0.09375525901712746,-0.5999999999999996,-0.7992225274299191,0.6117120093956642,-0.3279416383928576
1966-10-01,-0.1382404582441059,-0.5,-0.937529789070882,0.6610488725826702,-0.38362729424754327
1966-11-01,-0.1422402385388883,-0.49999999999999956,-1.1709312747592668,0.8864507976814902,-0.3013609398970354
1966-12-01,-0.15508341162853576,-0.20000000000000018,-0.9881239037093362,0.6779570804522647,-0.4456400061668079
1967-01-01,-0.18598861626912894,-0.10000000000000009,-0.9809469896166547,0.608969757078397,-0.4087706404917885
1967-02-01,-0.1746956477632926,0.0,-1.3666162158328394,1.0172249203062542,-0.62104773099079
1967-03-01,-0.220355005261192,0.0,-0.9206417985362348,0.47993178801385084,-0.42566346234328384
1967-04-01,-0.19588310933094502,0.0,-1.007146672037558,0.6153804533756679,-0.48214756404887577
1967-05-01,-0.23347309519830117,-0.10000000000000009,-1.3587833189345249,0.8918371285379224,-0.3516596583363785
1967-06-01,-0.19750627620053812,0.10000000000000009,-0.8268358384944223,0.43182328609334614,-0.40113532135908525
1967-07-01,-0.2348683128336514,0.0,-1.1599681335106367,0.6902315078433339,-0.3195283997600341
1967-08-01,-0.2176425946421235,0.0,-0.7301420925377056,0.29485690325345854,-0.3234595873132712
1967-09-01,-0.21943291078069413,0.09999999999999964,-0.9153032720436916,0.47643745048230324,-0.32728235001284733
1967-10-01,-0.23545697304067364,0.2999999999999998,-1.0249163961412315,0.5540024500598844,-0.2888995904831135
1967-11-01,-0.19877396721090657,0.2999999999999998,-1.192938361952935,0.7953904275311219,-0.2916054728187268
1967-12-01,-0.25215675215889655,0.0,-1.0851972442396969,0.5808837399219039,-0.17172478763507312
1968-01-01,-0.22589844068891166,-0.19999999999999973,-1.0208568140364376,0.5690599326586142,-0.13172645166529803
1968-02-01,-0.21761513189687848,0.0,-1.3808290721065581,0.9455988083128013,-0.09081850067074401
1968-03-01,-0.18472837305354836,-0.09999999999999964,-0.8850151663285912,0.5155584202214945,-0.08969700909917032
1968-04-01,-0.21867749654028348,-0.2999999999999998,-1.014260319345713,0.5769053262651459,-0.08860287438818833
1968-05-01,-0.2027931941191919,-0.2999999999999998,-0.7001908692192204,0.2946044809808366,-0.12795092510689207
1968-06-01,-0.21241087508868706,-0.19999999999999973,-0.7854082915516621,0.360586541374288,-0.04723951585155228
1968-07-01,-0.18360513929350838,-0.09999999999999964,-0.5870920478937394,0.21988176930672257,-0.08609521177209611
1968-08-01,-0.18653860437337677,-0.2999999999999998,-0.6922214505755367,0.3191442418287832,-0.0850940397263618
1968-09-01,-0.19824954986038942,-0.3999999999999999,-0.8845355428680015,0.4880364431472226,-0.04389991891533289
1968-10-01,-0.1821089289729701,-0.6000000000000001,-0.9692062027189763,0.6049883447730362,0.040110906198945154
1968-11-01,-0.15745497787608595,-0.5,-0.727168388226113,0.412258432473941,0.043672406651527905
1968-12-01,-0.15979552133334027,-0.3999999999999999,-0.9514245438485055,0.6318335011818249,-0.07690352467944064
1969-01-01,-0.16718394227820974,-0.30000000000000027,-0.7890019057160754,0.4546340211596559,-0.15433513330655563
1969-02-01,-0.1791801062203891,-0.3999999999999999,-1.3423940464300688,0.9840338339892907,-0.07747784215306625
1969-03-01,-0.16578536117930132,-0.30000000000000027,-0.7953230431900034,0.4637523208314007,-0.11547786017615524
1969-04-01,-0.16852472126847748,-0.10000000000000009,-0.9641075440739069,0.6270581015369519,-0.19198297460173872
1969-05-01,-0.17627971857314964,-0.10000000000000009,-0.6736773936731781,0.3211179565268788,-0.1930691431589117
1969-06-01,-0.18439145293226444,-0.20000000000000018,-0.7538339983453041,0.3850510924807752,-0.15607527227806658
1969-07-01,-0.19060308877449594,-0.20000000000000018,-0.5940899973747269,0.212883819825735,-0.11855950036971236
1969-08-01,-0.1800170454245532,0.0,-0.5414509085365231,0.1814168176874167,-0.19405051987815952
1969-09-01,-0.19353875757898728,0.30000000000000027,-0.6137028806990162,0.2266253655410417,-0.23286072212490092
1969-10-01,-0.18196880518937328,0.30000000000000027,-0.8169585798167354,0.45302096943798875,-0.3110001508648143
1969-11-01,-0.19946998649682454,0.10000000000000009,-0.7862821526988313,0.38734217970518214,-0.2753170979360227
1969-12-01,-0.1940364771284057,0.10000000000000009,-0.5093873055335898,0.12131435127677845,-0.23949016087330272
1970-01-01,-0.2034080879592646,0.5,-0.4958681510712186,0.08905197515268945,-0.20344435224287566
1970-02-01,-0.18981498106785816,0.8000000000000003,-0.7810101547442625,0.40138019260854624,-0.24174610526888898
1970-03-01,-0.21026699610789645,1.0000000000000004,-0.6118163261992364,0.19128233398344346,-0.20581598904740517
1970-04-01,-0.20864359626890383,1.1999999999999997,-0.6637161164740731,0.24642892393626548,-0.1325589736961863
1970-05-01,-0.19548122541254076,1.4,-0.4391798254045921,0.048217374579510586,-0.13226247099121488
1970-06-01,-0.19464285802536033,1.4000000000000004,-0.6609406956633819,0.27165497961266116,-0.1689325600846036
1970-07-01,-0.1952873278226869,1.5,-0.49100693756974634,0.10043228192437256,-0.16920527432498142
1970-08-01,-0.195769967293484,1.5999999999999996,-0.5083741919027919,0.11683425731582386,-0.09599340312602701
1970-09-01,-0.1952086100499627,1.7000000000000002,-0.7175114949636585,0.3270942748637331,0.017593388532240406
1970-10-01,-0.17189918076982577,1.7999999999999998,-0.809099011435358,0.4653006498957064,0.02080227660127775
1970-11-01,-0.16065676586981964,2.4000000000000004,-0.7474689320718264,0.4261554003321871,-0.05333137967047953
1970-12-01,-0.17007880742545345,2.5999999999999996,-0.5079295997434818,0.167771984892575,-0.051886861258308256
1971-01-01,-0.1833807438877643,2.0000000000000004,-0.8310471475756969,0.46428565980016834,0.10241726893592838
1971-02-01,-0.14241461024201793,1.7000000000000002,-1.1122383207687114,0.8274091002846756,0.2373053589202184
1971-03-01,-0.11555205536066038,1.5999999999999996,-1.2192386594857099,0.9881345487643891,0.3465676345288292
1971-04-01,-0.10704033320777555,1.3000000000000007,-1.327483122095524,1.1134024556799729,0.47326661847397766
1971-05-01,-0.07926057935007572,1.1000000000000005,-1.4755017107314796,1.316980552031328,0.6213682117860577
1971-06-01,-0.05875331099751378,1.0,-1.486068663488502,1.3685620414934745,0.6477034779327875
1971-07-01,-0.03710367155751529,1.0,-1.5475324684130272,1.4733251252979966,0.7446575114430801
1971-08-01,-0.0029906074247096183,1.0,-1.5508752662654974,1.544894051416078,0.8489154331525995
1971-09-01,0.04536712609848907,0.5999999999999996,-1.5220848964349847,1.612819148631963,0.9604404721453644
1971-10-01,0.11656062877370096,0.2999999999999998,-1.5487284129050436,1.7818496704524454,1.079067434633176
1971-11-01,0.1245745738206194,0.09999999999999964,-2.137790908547965,2.386940056189204,1.7464737768106855
1971-12-01,0.3240385774061349,-0.09999999999999964,-2.0966086138136726,2.744685768625942,2.0723431439316684
1972-01-01,0.45588565144861004,-0.10000000000000053,-1.3222832417333423,2.2340545446305624,1.340156576416094
1972-02-01,0.2999963753300862,-0.20000000000000018,-1.1206034121686064,1.720596162828779,1.0875328394462098
1972-03-01,0.2621930382875314,-0.20000000000000018,-0.9864776895412625,1.5108637661163251,1.023906261913051
1972-04-01,0.2716602309864365,-0.20000000000000018,-1.0103161834927332,1.553636645465606,0.810669138240423
1972-05-01,0.24374510070492608,-0.20000000000000018,-1.1831543020085613,1.6706445034184134,0.683849266049234
1972-06-01,0.18309955716259282,-0.20000000000000018,-1.2641693991202718,1.6303685134454575,0.6261149018128772
1972-07-01,0.169075081617084,-0.40000000000000036,-1.358743914131091,1.6968940773652592,0.6314396267675143
1972-08-01,0.21170043544867592,-0.5,-1.3340986793525638,1.7574995502499158,0.636615752628267
1972-09-01,0.17512655129464344,-0.5,-1.3923254712388304,1.7425785738281172,0.3984503566062096
1972-10-01,0.15009408760478143,-0.20000000000000018,-1.5290906069173862,1.829278782126949,0.23256120651623613
1972-11-01,0.09078181350597729,-0.7000000000000002,-2.281863805878523,2.463427432890478,0.12496041437063451
1972-12-01,0.08654086318759414,-0.7999999999999998,-2.51739162633805,2.690473352713238,0.0177299315352897
1973-01-01,0.045774578533538474,-0.8999999999999995,-1.806065537065736,1.8976146941328127,0.01690113208790462
1973-02-01,0.05886710035953768,-0.7000000000000002,-1.386311360556887,1.5040455612759622,-0.03751268405096726
1973-03-01,0.03930574754592846,-0.8999999999999995,-1.21117400756943,1.2897855026612868,-0.03867714201392737
1973-04-01,0.0354138678176645,-0.7000000000000002,-1.264956122332945,1.3357838579682741,-0.03982503332558009
1973-05-01,0.025719711267275024,-0.7999999999999998,-1.4417014392297414,1.4931408617642916,-0.0409567089273372
1973-06-01,0.042614715321608626,-0.7999999999999998,-1.4520360789358226,1.5372655095790397,-0.04207250992068515
1973-07-01,0.03449973877936815,-0.7999999999999998,-1.5709289707898666,1.639928448348603,-0.1511196083994162
1973-08-01,0.015099008627379638,-0.7999999999999998,-1.6249566294488709,1.6551546467036302,-0.2080252049782316
1973-09-01,-0.017811174827755575,-0.7000000000000002,-1.6218221608093604,1.5861998111538491,-0.21044637291088217
1973-10-01,-0.01553516177625355,-1.0,-1.6947198562984211,1.663649532745914,-0.04877596076271174
1973-11-01,0.019660246447140747,-0.5,-2.3529853729373595,2.3923058658316414,-0.3201636925324102
1973-12-01,-0.05630345171477923,-0.2999999999999998,-2.660235941240423,2.547629037810865,-0.38107798950781685
1974-01-01,-0.06401592052706516,0.1999999999999993,-1.9158560361263395,1.7878241950722091,-0.4442571562015661
1974-02-01,-0.0733353641579005,0.20000000000000018,-1.518513825074325,1.3718430967585242,-0.33187581243904285
1974-03-01,-0.07620995163414802,0.1999999999999993,-1.3266897067495065,1.1742698034812102,-0.45112019214789295
1974-04-01,-0.08225741999242361,0.09999999999999964,-1.0745329825614067,0.9100181425765594,-0.33854449298688505
1974-05-01,-0.07436275235102309,0.1999999999999993,-0.9457314209026001,0.7970059162005539,-0.39937043744783945
1974-06-01,-0.08330395874872054,0.5,-0.9026001193882417,0.7359922018908006,-0.403389506769491
1974-07-01,-0.09709203744201227,0.7000000000000002,-1.0902757406928336,0.8960916658088092,-0.4073294052164931
1974-08-01,-0.08873451763532085,0.7000000000000002,-1.170886174502938,0.9934171392322962,-0.41119242700803404
1974-09-01,-0.1049389385553544,1.1000000000000005,-0.9624996222098549,0.752621745099146,-0.35661794884599524
1974-10-01,-0.09087715404587104,1.4000000000000004,-1.024885532822748,0.843131224731006,-0.536019858857564
1974-11-01,-0.12872934493542657,1.7999999999999998,-1.6930517855021072,1.4355930956312541,-0.246710205576969
1974-12-01,-0.1015966626110468,2.3,-2.138478485303077,1.9352851600809835,-0.13944771532261913
1975-01-01,-0.04439259442384814,3.0,-1.4322236264071238,1.3434384375594275,0.12498144490903577
1975-02-01,0.0042893526476515086,2.8999999999999995,-1.2207389344488406,1.2293176397441437,0.12545546440844255
1975-03-01,0.0035978792290614634,3.5,-1.1840500422912918,1.1912458007494147,0.12592353154989824
1975-04-01,-0.003060551414480946,3.700000000000001,-0.9786802724983037,0.9725591696693419,0.07345483333239185
1975-05-01,-0.0173902148297151,3.9000000000000004,-0.8887588833812922,0.8539784537218619,0.12637069753310454
1975-06-01,0.0025181722887321575,3.4000000000000004,-0.8931438739850974,0.8981802185625618,0.28681832855818706
1975-07-01,0.03633016324423975,3.0999999999999996,-1.0634102641273557,1.136070590615835,0.3988903035645862
1975-08-01,0.10379015002264098,2.9000000000000004,-1.0302832700436027,1.2378635700888847,0.4016323539548357
1975-09-01,0.08878397141716306,2.5,-1.3120172182048542,1.4895851610391802,0.6379001778173167
1975-10-01,0.1665512358176212,2.4000000000000004,-1.6709890410779153,2.004091512713158,0.8384660747294939
1975-11-01,0.21476876724280106,1.700000000000001,-1.7097664592135342,2.1393039936991363,1.140949618715792
1975-12-01,0.3202615602029163,0.9999999999999991,-1.9570143767409691,2.597537497146802,1.5961423276172204
1976-01-01,0.4411728390170125,-0.1999999999999993,-2.2380339737736454,3.1203796518076707,2.422730728737684
1976-02-01,0.681799494540106,-0.39999999999999947,-1.8815393190871985,3.2451383081674106,2.3214240087588833
1976-03-01,0.7190236099874627,-1.0,-2.403777497416236,3.8418247173911615,3.2274381333340973
1976-04-01,0.9476916392528595,-1.1000000000000005,-2.3822165074154307,4.27759978592115,3.6016665692547876
1976-05-01,1.2249213722891306,-1.5999999999999996,-2.2472493290383415,4.697092073616602,3.984763964387248
1976-06-01,1.5555970332496125,-1.200000000000001,-1.3366054217249683,4.447799488224193,3.1038757033924207
1976-07-01,1.1850018265443738,-0.7999999999999998,-1.3567298407691475,3.7267334938578953,2.6991953827529667
1976-08-01,1.2331548171172415,-0.6000000000000005,-1.1264953070242096,3.5928049412586924,2.4681753480382276
1976-09-01,1.1034524841576985,-0.8000000000000007,-0.7180991506913161,2.9250041190067133,2.03768834617967
1976-10-01,0.8910031996444622,-0.7000000000000002,-1.0075680658543962,2.7895744651433207,1.9498705742124471
1976-11-01,0.9321180649195165,-0.5000000000000009,-0.9658261582281761,2.830062288067209,1.3211876835195995
1976-12-01,0.6991929741174558,-0.39999999999999947,-1.5559242024346231,2.954310150669535,0.7901399649955558
1977-01-01,0.42598535068400256,-0.40000000000000036,-2.4238044217716337,3.275775123139639,-0.013413168802239497
1977-02-01,0.14013072080148165,-0.10000000000000053,-2.629101762106808,2.909363203709771,-0.1453756402607415
1977-03-01,0.10470909915763969,-0.1999999999999993,-4.037392867688057,4.246811066003337,-0.5508667570128157
1977-04-01,-0.08692706126880756,-0.5,-4.681081490264878,4.507227367727262,-0.6267534856813533
1977-05-01,-0.11536764492841343,-0.40000000000000036,-5.519018143123627,5.288282853266799,-1.0053201541786774
1977-06-01,-0.29318821376000825,-0.39999999999999947,-4.477994513957369,3.891618086437352,-0.7041486318491309
1977-07-01,-0.17212870176865647,-0.8999999999999995,-3.5915155158898675,3.247258112352555,-0.4237505929535358
1977-08-01,-0.0547754995547918,-0.7999999999999998,-3.0659700773937137,2.9564190782841298,-0.2910932093670908
1977-09-01,0.006430929637773457,-0.7999999999999998,-2.7336985641421987,2.7465604234177454,-0.427721385839259
1977-10-01,-0.09802359463597658,-0.9000000000000004,-2.6765090973129353,2.4804619080409824,-0.3625525920366543
1977-11-01,-0.0778004338968024,-1.0,-2.1019583872680343,1.9463575194744296,-0.23095033434292714
1977-12-01,-0.005773282137710158,-1.3999999999999995,-2.3202902224276225,2.3087436581522023,-0.16672950625195554
1978-01-01,0.020273456989724065,-1.0999999999999996,-2.829516315465912,2.8700632294453605,-0.1680821908273356
1978-02-01,0.04168531018477096,-1.2999999999999998,-2.7275471727235185,2.8109177930930604,0.025675820234926934
1978-03-01,0.08432358500266295,-1.1000000000000005,-4.057778381843034,4.22642555184836,-0.039341863976252375
1978-04-01,0.04711040391458106,-1.1000000000000005,-4.547044025081489,4.641264832910651,-0.23476094623557253
1978-05-01,0.010004343886046606,-1.0,-5.393646154309167,5.413654842081259,-0.17079186029792193
1978-06-01,0.021054994670087337,-1.2999999999999998,-4.163751305527273,4.205861294867447,-0.17208469731781342
1978-07-01,0.0030699580174477067,-0.7000000000000002,-3.4163168561037636,3.4224567721386587,-0.5037133957527603
1978-08-01,-0.06390151703407991,-1.0999999999999996,-3.0750960948730017,2.9472930608048418,-0.43866166384398325
1978-09-01,-0.11654468606506757,-0.7999999999999998,-2.8566741798450397,2.6235848077149044,-0.44132855751238287
1978-10-01,-0.08160419496153773,-1.0,-2.622641104279791,2.4594327143567156,-0.5120031183598548
1978-11-01,-0.14361613486385388,-0.8999999999999995,-1.8595900165972015,1.5723577468694938,-0.584121121404733
1978-12-01,-0.15955030183612268,-0.40000000000000036,-1.3885077427089176,1.0694071390366724,-0.872737092149085
1979-01-01,-0.2543002014696396,-0.5,-2.7079496382508212,2.1993492353115416,-0.6591249571817787
1979-02-01,-0.21077852355010032,-0.39999999999999947,-2.7926277134565876,2.3710706663563865,-0.8062379032947151
1979-03-01,-0.27349203745199696,-0.5,-4.184252171055059,3.6372680961510646,-0.6666638917833119
1979-04-01,-0.19679749052375536,-0.2999999999999998,-4.514821308229507,4.121226327181997,-0.6705203341087238
1979-05-01,-0.2208635570399458,-0.40000000000000036,-5.330071938958676,4.888344824878784,-0.6037169541907813
1979-06-01,-0.18602742394168745,-0.20000000000000018,-4.172307087263085,3.8002522393797102,-0.81986948566891
1979-07-01,-0.2847697944820675,-0.5,-3.4816705796643834,2.9121309907002484,-0.400084446577759
1979-08-01,-0.12069738792936537,0.09999999999999964,-2.948189034779372,2.7067942589206413,-0.6733693320460892
1979-09-01,-0.2541215891039159,-0.09999999999999964,-2.8452689620816933,2.3370257838738615,-0.469439328502953
1979-10-01,-0.1490722237863372,0.20000000000000018,-2.5877004813738744,2.2895560338011998,-0.6074994199855365
1979-11-01,-0.21411328287155795,0.0,-1.9300871646049056,1.5018605988617897,-0.5416951874291074
1979-12-01,-0.17685648748096885,0.0,-1.4058139283537638,1.0521009533918262,-0.20983446478191084
1980-01-01,-0.05028604856678487,0.39999999999999947,-0.9276707599419586,0.8270986628083888,-0.27577368437024824
1980-02-01,-0.09706257086675815,0.39999999999999947,-1.3307945994076638,1.1366694576741476,-0.21180336694481539
1980-03-01,-0.03585107378374674,0.5,-1.0255300719064016,0.9538279243389082,-0.27770717578307574
1980-04-01,-0.04414776385480436,1.1000000000000005,-0.8599149456536619,0.7716194179440532,-0.14892722478260972
1980-05-01,-0.0714723258300877,1.9000000000000004,-0.8782916669798256,0.7353470153196503,-0.21418727890065037
1980-06-01,-0.03840264877778162,1.8999999999999995,-1.1155133697586403,1.0387080722030773,-0.08601961100760103
1980-07-01,-0.008245491069881218,2.0999999999999996,-0.4564986178364225,0.44000763569666007,-0.27957126418648964
1980-08-01,-0.0736948187200282,1.7000000000000002,-0.8358610511771098,0.6884714137370533,0.10381358004529584
1980-09-01,0.06025357739898798,1.5999999999999996,-0.3117411081959741,0.43224826299395,-0.022788787598501684
1980-10-01,0.007045930771386869,1.5,-0.7734482880119308,0.7875401495547044,0.16643839393626594
1980-11-01,0.07179387424446958,1.5999999999999996,-0.6745203435898067,0.8181080920787459,0.040307112339437914
1980-12-01,0.03350210306203375,1.2000000000000002,-1.1237150505261142,1.1907192566501816,0.04013846889916227
1981-01-01,0.013785544369579879,1.2000000000000002,-0.8925178523228425,0.9200889410620023,0.29188091761815016
1981-02-01,0.1359817067652083,1.1000000000000005,-1.1183068681407073,1.3902702816711239,0.29237888988798255
1981-03-01,0.14006212514964675,1.1000000000000005,-0.892300914850034,1.1724251651493276,0.3563813757622243
1981-04-01,0.14604443321400654,0.2999999999999998,-1.0645139744667855,1.3566028408947985,0.7445931223333552
1981-05-01,0.2886068882255729,0.0,-1.6970824767552206,2.274296253206366,1.3071640062832424
1981-06-01,0.5060943533209133,-0.09999999999999964,-1.3941148268541457,2.406303533495972,1.3159215582018327
1981-07-01,0.5018375602655663,-0.5999999999999996,-1.659405237926998,2.6630803584581306,1.4817069762803952
1981-08-01,0.622746962177265,-0.2999999999999998,-0.8911577489865776,2.136651673341108,1.1776111847983968
1981-09-01,0.4444012010163307,0.09999999999999964,-1.0530526406726157,1.9418550427052772,1.1101154588311595
1981-10-01,0.4270466487650056,0.40000000000000036,-0.8539087386909088,1.7080020362209198,1.0429754917106895
1981-11-01,0.43438823937619103,0.8000000000000007,-1.0235048782612253,1.8922813570136074,1.1196676259008798
1981-12-01,0.45089140697857094,1.2999999999999998,-0.6402576802270916,1.5420404941842336,0.8394127357012757
1982-01-01,0.3767376608452716,1.0999999999999996,-0.5081468817354181,1.2616222034259614,0.8421357209923085
1982-02-01,0.3534591199323981,1.5,-0.4345802158628995,1.1414984557276957,0.7766431154320473
1982-03-01,0.3227514053265936,1.5999999999999996,-0.4515469153019523,1.0970497259551395,0.7788547818737516
1982-04-01,0.34540094669539295,2.1000000000000005,-0.8230928678422917,1.5138947612330775,0.2569504272333261
1982-05-01,0.15701015567410698,1.9000000000000004,-1.876474795964803,2.190495107313017,0.06894954732504402
1982-06-01,0.0991690929084799,2.0999999999999996,-1.8298407128185437,2.0281788986355034,0.006046477516718653
1982-07-01,0.07992319306547321,2.6000000000000005,-2.2698616423304068,2.4297080284613535,-0.3091059777354679
1982-08-01,-0.027537620542408003,2.4000000000000004,-1.6118665169814814,1.5567912758966653,-0.11990923895452708
1982-09-01,0.04665248970359118,2.5,-1.5148689650181761,1.6081739444253584,0.12866538199369582
1982-10-01,0.11014190625641125,2.5,-1.170813481199503,1.3910972937123256,0.31443425796545504
1982-11-01,0.19714037628860484,2.5,-1.2607527413488115,1.6550334939260212,0.5649161978993591
1982-12-01,0.25618443677402586,2.3000000000000007,-0.8337496676466007,1.3461185411946524,0.888892359097278
1983-01-01,0.41347280765818195,1.8000000000000007,-0.47141173492250776,1.2983573502388717,0.7590413266069531
1983-02-01,0.3339532566792579,1.5,-0.46524143087835357,1.1331479442368693,1.0271371354331753
1983-03-01,0.46022240498932443,1.3000000000000007,-0.3565790089026064,1.2770238188812553,1.1009340884102317
1983-04-01,0.5111042809701215,0.8999999999999986,-1.2725330569981463,2.2947416189383896,1.4680069137106153
1983-05-01,0.616337098909855,0.6999999999999993,-1.4695364973682263,2.7022106951879366,1.3246679963484562
1983-06-01,0.5454611579962365,0.5,-1.5376989733394764,2.6286212893319494,1.4823045365160217
1983-07-01,0.6571888048984385,-0.40000000000000036,-2.198963701482132,3.5133413112790093,1.8924979778847164
1983-08-01,0.8024719007678124,-0.3000000000000007,-1.6250650562867324,3.2300088578223574,1.7362163623914024
1983-09-01,0.7733583160418144,-0.9000000000000004,-1.5231217189237092,3.069838351007338,1.8308150704690778
1983-10-01,0.7937817663803088,-1.5999999999999996,-1.306583562057155,2.8941470948177725,1.8428057431172131
1983-11-01,0.8076407009730615,-2.3000000000000007,-1.0899040096835715,2.7051854116296945,1.8543771430479397
1983-12-01,0.8134505166166714,-2.5,-0.5725325133058627,2.199433546539206,1.6982418334831295
1984-01-01,0.7724294234533805,-2.4000000000000004,-0.2552452908385473,1.8001041377453082,1.3137195729765656
1984-02-01,0.6624701845226496,-2.6000000000000005,-0.13672450303496186,1.4616648720802612,1.099759852095612
1984-03-01,0.5489360448064691,-2.500000000000001,-0.26445651393093184,1.36232860354387,0.9623144307675425
1984-04-01,0.5042799756535865,-2.499999999999999,-1.2112653312074821,2.2198252825146554,0.6919260763550477
1984-05-01,0.3949584830106917,-2.6999999999999993,-1.3837033250250932,2.1736202910464764,0.5605888374877147
1984-06-01,0.35495795071800135,-2.8999999999999995,-1.6711923753371347,2.3811082767731375,0.4304003455055063
1984-07-01,0.3052247025537556,-1.9000000000000004,-2.5422204751966375,3.1526698803041486,-0.14904329605652658
1984-08-01,0.055902637199167236,-2.0,-2.4156373140990475,2.527442588497382,-0.08526414373234883
1984-09-01,0.11279402824308361,-1.8999999999999995,-2.5820729969797176,2.8076610534658846,-0.4779992035573856
1984-10-01,-0.06455586932691547,-1.4000000000000004,-3.381637612335861,3.2525258736820306,-0.9656413611939539
1984-11-01,-0.2700926091942745,-1.2999999999999998,-4.202540418147485,3.6623551997589354,-1.5127211117591493
1984-12-01,-0.5038571620800147,-1.0000000000000009,-4.423385576305103,3.4156712521450734,-1.6984865345088316
1985-01-01,-0.5444447305627965,-0.7000000000000002,-3.99088821358101,2.9019987524554174,-1.6265677364713944
1985-02-01,-0.575919956790698,-0.5999999999999996,-3.9780395121335443,2.826199598552148,-1.8168876113416383
1985-03-01,-0.6322521708377169,-0.5999999999999996,-3.8304496803411308,2.5659453386656965,-1.7428269040418158
1985-04-01,-0.6064995630092174,-0.40000000000000036,-3.6635379890054267,2.450538862986992,-1.757078285949253
1985-05-01,-0.6152728722498385,-0.20000000000000018,-3.732907871256277,2.5023621267565996,-1.9514528848073969
1985-06-01,-0.7734638341353134,0.20000000000000018,-3.9802194973385965,2.43329182906797,-2.1556464090668253
1985-07-01,-0.8579650222084596,-0.09999999999999964,-3.7054101999588527,1.9894801555419335,-1.273592946295676
1985-08-01,-0.4588664047761323,-0.40000000000000036,-2.930406356074347,2.0126735465220826,-1.3601578691058474
1985-09-01,-0.5623642656011175,-0.20000000000000018,-3.2572312908239187,2.1325027596216835,-1.2880782764928493
1985-10-01,-0.5250537051252379,-0.3000000000000007,-3.842135448134184,2.792028037883708,-0.9095564298185597
1985-11-01,-0.3882245414015487,-0.20000000000000018,-4.320672350354759,3.5442232675516614,-0.8399607432840658
1985-12-01,-0.27657781583668484,-0.2999999999999998,-4.196106230061773,3.642950598388403,-0.6270866100874033
1986-01-01,-0.21092779278609333,-0.5999999999999996,-3.6573712758043073,3.2355156902321203,-0.4191054424003629
1986-02-01,-0.11295991021304268,0.0,-3.5644325382332576,3.338512717807172,-0.3515326044548013
1986-03-01,-0.07754113590391246,0.0,-3.3079068139988834,3.152824542191058,-0.35256832104442537
1986-04-01,-0.08219886228472259,-0.20000000000000018,-3.09064015959919,2.9262424350297445,-0.21694557569074224
1986-05-01,-0.04235622620146171,0.0,-3.152031468421144,3.0673190160182204,-0.08218517518065765
1986-06-01,0.011196328701063598,-0.20000000000000018,-3.2217286231605744,3.2441212805627018,0.18634367101231689
1986-07-01,0.10462756930604009,-0.40000000000000036,-2.1337162811845527,2.3429714197966325,-0.014775670134785028
1986-08-01,0.009195731197768862,-0.1999999999999993,-2.014872580581259,2.033264042976797,-0.21653769193422603
1986-09-01,-0.033302811895585184,-0.09999999999999964,-2.633236454962017,2.5666308311708463,-0.08252850668790528
1986-10-01,0.029201405468781694,-0.09999999999999964,-3.1302794063185657,3.188682217256129,-0.15003723413491207
1986-11-01,-0.0032864734148160464,-0.09999999999999964,-3.806221976486368,3.7996490296567362,-0.08339851389262895
1986-12-01,0.013151672970850509,-0.40000000000000036,-3.8351146306148487,3.8614179765565493,-0.15087671096869604
1987-01-01,-0.009544170990419884,-0.10000000000000053,-3.4445485603164685,3.4254602183356284,-0.3536210779573498
1987-02-01,-0.10419882349514552,-0.6000000000000005,-3.5556714515153605,3.347273804525069,0.04888519896475202
1987-03-01,0.06515814627779358,-0.6000000000000005,-3.165207531817177,3.2955238243727645,0.048729232039671506
1987-04-01,0.07931568116355621,-0.7999999999999998,-2.929125616150911,3.087756978478023,-0.08433786454053879
1987-05-01,-0.0013244415009680763,-0.9000000000000004,-3.1109996837206504,3.108350800718714,0.048219797023850854
1987-06-01,0.08027629639275992,-1.0,-3.152648655468878,3.313201248254398,-0.08466890104106514
1987-07-01,0.008389373216423267,-0.9000000000000004,-1.6848309549622706,1.7016097013951172,-0.21819748924029522
1987-08-01,-0.06062218584199943,-0.9000000000000004,-1.8799002433934702,1.7586558717094711,-0.08549537286095744
1987-09-01,-0.01280041463894921,-1.0999999999999996,-1.4014089590865866,1.375808129808688,-0.0195105375387521
1987-10-01,0.016265185254727862,-1.0,-0.5757714654625798,0.6083018359720356,-0.019764749735773288
1987-11-01,0.03174830847795618,-1.1000000000000005,-0.5654884716536178,0.6289850886095302,-0.020017361231537977
1987-12-01,0.01968338833260261,-0.8999999999999995,-0.6416631537340853,0.6810299303992906,-0.2193120611844617
1988-01-01,-0.0678007499636382,-0.8999999999999995,-0.9270738205836279,0.7914723206563515,-0.020644672945673674
1988-02-01,0.046179818841636786,-0.8999999999999995,-1.1139075512623133,1.2062671889455867,-0.3520781619307253
1988-03-01,-0.09992539608198617,-0.8999999999999995,-1.1933425329235878,0.9934917407596155,-0.35303400350508096
1988-04-01,-0.08421862173480796,-0.8999999999999995,-1.3771552926350814,1.2087180491654654,-0.48848249054897
1988-05-01,-0.16118864584078374,-0.7000000000000002,-1.832318221869826,1.5099409301882583,-0.557842787099506
1988-06-01,-0.19889446383686052,-0.7999999999999998,-2.410509341892897,2.0127204142191757,-0.6279962734760626
1988-07-01,-0.20461533269200605,-0.6999999999999993,-1.3290292354340854,0.9197985700500731,-0.5611077901573014
1988-08-01,-0.19298708476541032,-0.40000000000000036,-1.138579629674577,0.7526054601437562,-0.5626855647698692
1988-09-01,-0.20698344636416519,-0.5,-1.294302841453854,0.8803359487255237,-0.7019067510193918
1988-10-01,-0.2639294519823812,-0.5999999999999996,-1.2070968202020411,0.6792379162372788,-0.6346082488241102
1988-11-01,-0.2206939083590502,-0.5,-1.256674357579073,0.8152865408609726,-0.7056986153259815
1988-12-01,-0.23789227556213224,-0.40000000000000036,-0.8832200815048565,0.4074355303805921,-0.5691704376097498
1989-01-01,-0.21824000079158612,-0.2999999999999998,-1.0350219029362142,0.598541901353042,-0.5706728545741547
1989-02-01,-0.20942131551734008,-0.5,-0.8482101783925449,0.42936754735786464,-0.572161719294226
1989-03-01,-0.18313861299568637,-0.7000000000000002,-0.821691521480883,0.4554142954895103,-0.5736372138486825
1989-04-01,-0.23258847366576335,-0.20000000000000018,-0.9178361465243812,0.4526591991928545,-0.5750995170781189
1989-05-01,-0.22829719295624848,-0.39999999999999947,-1.0959107315677639,0.6393163456552668,-0.43974018201152026
1989-06-01,-0.17372886672379065,-0.10000000000000053,-1.0361612228880637,0.6887034894404824,-0.5087059811270318
1989-07-01,-0.17500365470476295,-0.20000000000000018,-0.8271483473750191,0.4771410379654931,-0.44178442071281104
1989-08-01,-0.16824682163826676,-0.39999999999999947,-0.9175695425403922,0.5810758992638587,-0.2403371046086004
1989-09-01,-0.10986407742187473,-0.10000000000000053,-1.1024952687389367,0.8827671138951871,-0.30780307103693616
1989-10-01,-0.11644793964537258,-0.10000000000000053,-1.0036633882966677,0.7707675090059226,-0.3756631764696954
1989-11-01,-0.1763577918038134,0.10000000000000053,-1.1689120282280276,0.816196444620401,-0.3091405886517893
1989-12-01,-0.11832269793089087,0.10000000000000053,-0.7558541717680053,0.5192087759062235,-0.24274048635709028
1990-01-01,-0.09264143650488915,0.0,-0.9111285163111977,0.7258456433014195,-0.17643221357714733
1990-02-01,-0.05050909872278931,0.09999999999999964,-0.6892979615979941,0.5882797641524155,-0.3103794795097573
1990-03-01,-0.11120023026122701,0.20000000000000018,-0.7497531387464237,0.5273526782239696,-0.4455181391526092
1990-04-01,-0.15713003133505943,0.20000000000000018,-0.8423777041936773,0.5281176415235584,-0.11109433660278308
1990-05-01,-0.04142613489774525,0.20000000000000018,-0.9090396735092606,0.8261874037137701,-0.244053117904182
1990-06-01,-0.11201076999332987,-0.09999999999999964,-0.9766793571690744,0.7526578171824145,-0.0454973707843915
1990-07-01,-0.02462495885045989,0.2999999999999998,-0.6624256606054756,0.6131757429045558,-0.11175384841596651
1990-08-01,-0.04589196085954543,0.5,-0.7952146817616709,0.7034307600425801,-0.2444385520716223
1990-09-01,-0.09882385881855762,0.6000000000000005,-1.092044682137374,0.8943969645002586,-0.04628296381803444
1990-10-01,-0.027166064700980107,0.6000000000000005,-0.9369441075857536,0.8826119781837933,-0.04643414905975904
1990-11-01,-0.042709352346769355,0.7999999999999998,-1.0556077861035646,0.9701890814100259,0.08524024594244421
1990-12-01,0.02899213179718203,0.8999999999999995,-0.617901061772511,0.6758853253668752,0.08528170404860358
1991-01-01,0.05413064903896113,1.0,-0.7643564307673475,0.8726177288452698,0.019434358774018723
1991-02-01,0.021792778842319883,1.2999999999999998,-0.5123748233710026,0.5559603810556424,0.08524012205644999
1991-03-01,0.046378011226155015,1.5999999999999996,-0.5892849136606853,0.6820409361129953,0.15117483982011448
1991-04-01,0.05599856312423294,1.2999999999999998,-0.3518771470895054,0.4638742733379713,0.1513133320497198
1991-05-01,0.06499591246388355,1.5,-0.3488676149399298,0.47885943986769686,0.1514510408420392
1991-06-01,0.0363932832197525,1.7000000000000002,-0.34864247244696933,0.4214290388864743,-0.045885665048781846
1991-07-01,-0.043770154580688524,1.2999999999999998,-0.4385270602263393,0.3509867510649623,0.2167064920827205
1991-08-01,0.06982676728477646,1.2000000000000002,-0.6164364860566706,0.7560900206262234,0.34884264345480037
1991-09-01,0.13521419432232426,1.0,-0.4672207802176007,0.7376491688622493,0.4156561462627531
1991-10-01,0.16806758069314898,1.0999999999999996,-0.4412894711076041,0.777424632493902,0.4162787675790841
1991-11-01,0.16896247289431895,0.7999999999999998,-0.5152353646226601,0.853160310411298,0.5504212121154087
1991-12-01,0.20476364454561777,1.0,-0.5627568704463476,0.9722841595375832,0.6188147260521044
1992-01-01,0.24395719893796733,0.8999999999999995,-0.6656191636228314,1.153533561498766,0.6879073506059088
1992-02-01,0.25924211546115095,0.8000000000000007,-0.8750797226390196,1.3935639535613213,0.8958234988408313
1992-03-01,0.35887169501721033,0.6000000000000005,-1.009622763059947,1.7273661530943678,1.1106894717347855
1992-04-01,0.4562844095057835,0.7000000000000002,-0.6150435433572805,1.5276123623688473,0.8992869512665725
1992-05-01,0.3474930876628243,0.6999999999999993,-0.9106062873697586,1.605592462695407,1.0427690596246495
1992-06-01,0.4428265225297497,0.8999999999999995,-1.1693411741268571,2.0549942191863564,1.1902544615391377
1992-07-01,0.4909158970786408,0.9000000000000004,-0.5252236448885071,1.5070554390457889,0.9051410332200105
1992-08-01,0.4079468950526189,0.6999999999999993,-0.4325385810452231,1.2484323711504608,0.8373458963065479
1992-09-01,0.34309801418619135,0.6999999999999993,-0.29699103862376486,0.9831870669961476,0.7008200839613203
1992-10-01,0.3233306167708963,0.2999999999999998,-0.3566619073139036,1.0033231408556962,0.7707297801673758
1992-11-01,0.3267371001146804,0.40000000000000036,-0.35746073740229867,1.0109349376316594,0.5668364227969528
1992-12-01,0.2669461094335314,0.10000000000000053,-0.5044188843175144,1.0383111031845773,0.7032789651420108
1993-01-01,0.30482068136642765,0.0,-0.5988976606763645,1.20853902340922,0.6362688053161715
1993-02-01,0.2963217632292426,-0.3000000000000007,-0.838000074870928,1.430643601329413,0.569469702886962
1993-03-01,0.2589731018137759,-0.40000000000000036,-1.1095213562633814,1.6274675598909334,0.4356896461393643
1993-04-01,0.2258670482457234,-0.3000000000000007,-0.8390603865698067,1.2907944830612537,0.5031556046922068
1993-05-01,0.19207277287324293,-0.5,-1.0660266021593399,1.4501721479058258,0.5038094889239851
1993-06-01,0.21553639142827227,-0.7999999999999998,-1.3847861532695454,1.8158589361260897,0.6392696827608779
1993-07-01,0.2718054564460496,-0.7999999999999998,-0.7443340855210984,1.2879449984131974,0.64026567353934
1993-08-01,0.3204969762621967,-0.7999999999999998,-0.5199884998356452,1.1609824523600387,0.5058930205996905
1993-09-01,0.2663714698427072,-0.8999999999999995,-0.373717582967249,0.9064605226526634,0.5065287176073144
1993-10-01,0.250868351837613,-0.5,-0.4291241722471869,0.930860875922413,0.2401397294950794
1993-11-01,0.1120422607201827,-0.8000000000000007,-0.5561993967200765,0.780283918160442,0.3064840174044925
1993-12-01,0.17016824454316168,-0.9000000000000004,-0.6234061183272956,0.9637426074136191,0.10840109485492355
1994-01-01,0.11132184496906347,-0.7000000000000002,-0.8348141126659369,1.0574578026040637,0.04247708079383224
1994-02-01,0.05861504477151834,-0.5,-1.1216158156663727,1.2388459052094094,-0.15541939678688643
1994-03-01,-0.023797951100395818,-0.5,-1.4113095598762289,1.3637136576754372,-0.22201273132681837
1994-04-01,-0.051722309047788594,-0.6999999999999993,-1.1658558706722613,1.0624112525766842,-0.15625762699607168
1994-05-01,-0.008836294305121867,-1.0,-1.322911306439685,1.3052387178294411,-0.28914851963247173
1994-06-01,-0.08604537341485795,-0.9000000000000004,-1.8012694402348493,1.6291786934051335,-0.4903329142422898
1994-07-01,-0.1597329638115765,-0.8000000000000007,-1.5643014207887105,1.2448354931655574,-0.491485256457496
1994-08-01,-0.16171729748037353,-0.7999999999999998,-1.4221367516746148,1.0987021567138677,-0.49262907362297215
1994-09-01,-0.13069793070909594,-0.7999999999999998,-1.4550081619294029,1.1936123005112111,-0.5615664058258284
1994-10-01,-0.19430757574585197,-1.0,-0.9288054555335149,0.5401903040418109,-0.29291183204863486
1994-11-01,-0.09413558813937759,-1.0,-1.1149290825918805,0.9266579063131254,-0.493888986409194
1994-12-01,-0.15115856862658777,-1.0,-1.1190474505102204,0.8167303132570449,-0.5626661524041295
1995-01-01,-0.21912281329924033,-1.0,-0.9509790665453067,0.5127334399468261,-0.428638206871911
1995-02-01,-0.1305261280790027,-1.1999999999999993,-0.9475069209985805,0.6864546648405749,-0.2957675407570744
1995-03-01,-0.08605111539854716,-1.0999999999999996,-0.8892407440974538,0.7171385133003595,-0.2963638497907418
1995-04-01,-0.08305610193790065,-0.6000000000000005,-0.8602703834612802,0.6941581795854788,-0.4302920592322025
1995-05-01,-0.14682512539701434,-0.5,-1.121338813465354,0.8276885626713252,-0.6336416028404747
1995-06-01,-0.23632703428635563,-0.5,-1.5726364573469167,1.0999823887742053,-0.5669405560337173
1995-07-01,-0.17765462675736296,-0.39999999999999947,-1.5047452072970193,1.1494359537822936,-0.5004303171963822
1995-08-01,-0.20543497320990306,-0.2999999999999998,-1.4114757843873271,1.0006058379675211,-0.5014943174989899
1995-09-01,-0.18185630126537708,-0.3000000000000007,-1.4715755065293765,1.1078629039986223,-0.5025508023729638
1995-10-01,-0.1544743188202343,-0.2999999999999998,-0.8913088921609422,0.5823602545204736,-0.6393374839998665
1995-11-01,-0.21072670958534453,0.0,-1.2571734266084689,0.8357200074377799,-0.6408275798384488
1995-12-01,-0.23441187397628735,0.09999999999999964,-1.20230075585992,0.7334770079073453,-0.6423054552556628
1996-01-01,-0.23411525499082364,0.0,-0.96597150823689,0.49774099825524276,-0.6437712594081835
1996-02-01,-0.2527756328792618,0.09999999999999964,-1.1535318164865904,0.6479805507280669,-0.7832371289427534
1996-03-01,-0.29853923083586287,0.09999999999999964,-1.131023527382217,0.533945065710491,-0.7156333412549023
1996-04-01,-0.27341966022244685,-0.20000000000000018,-1.0506339417458264,0.5037946213009326,-0.3755825069002224
1996-05-01,-0.13681515916661283,0.0,-1.1113288472349523,0.8376985289017267,-0.3093922705292175
1996-06-01,-0.1348828224666424,-0.2999999999999998,-1.4711922455272033,1.2014266005939187,-0.3099201035610724
1996-07-01,-0.10155012418762147,-0.20000000000000018,-1.428640704727278,1.225540456352035,-0.2438369810046225
1996-08-01,-0.09159185015745536,-0.6000000000000005,-1.2976326613348794,1.1144489610199688,-0.17784506228130934
1996-09-01,-0.06729497548744878,-0.39999999999999947,-1.3570141807514482,1.2224242297765506,-0.1781484894252409
1996-10-01,-0.06010108766765196,-0.2999999999999998,-0.7969356610083599,0.6767334856730559,-0.17845041304845433
1996-11-01,-0.05852331939314393,-0.1999999999999993,-1.1184416930410328,1.0013950542547447,0.019660821410745027
1996-12-01,-0.001996363348978176,-0.1999999999999993,-0.983787894243976,0.9797951675460197,0.08560270750586187
1997-01-01,0.052572675636250565,-0.2999999999999998,-0.6800338230190169,0.7851791742915181,0.019652542737780818
1997-02-01,0.024930561728291736,-0.2999999999999998,-0.877202364484616,0.9270634879411995,0.0855681478486799
1997-03-01,0.043688125509206754,-0.2999999999999998,-0.7707454966411308,0.8581217476595443,0.08560164632233908
1997-04-01,0.027158444596069108,-0.5,-0.47976794179748794,0.5340848309896261,-0.11212870163455654
1997-05-01,-0.02979600648554526,-0.6999999999999993,-0.7005015658692425,0.640909552898152,0.019463551813392647
1997-06-01,0.008319943100166826,-0.2999999999999998,-0.3670744896851444,0.383714375885478,-0.17808011968121304
1997-07-01,-0.06825375088967282,-0.5999999999999996,-0.3559600517975653,0.21945255001821962,-0.11244832566162026
1997-08-01,-0.04875800689170575,-0.2999999999999998,-0.45943454347623053,0.36191852969281907,-0.37655981010101813
1997-09-01,-0.14582496981285695,-0.2999999999999998,-0.38260035562708705,0.09095041600137319,-0.2445785632671823
1997-10-01,-0.08007887477432879,-0.5,-0.750391974330544,0.5902342247818866,-0.17904242385341998
1997-11-01,-0.09284305211721432,-0.8000000000000007,-0.7201989753308988,0.5345128710964702,-0.11356423932536082
1997-12-01,-0.0399157229939796,-0.7000000000000002,-0.7517240174836629,0.6718925714957037,-0.1137646570196893
1998-01-01,-0.04499189254082663,-0.7000000000000002,-0.6815222053210006,0.5915384202393474,-0.17968162054935974
1998-02-01,-0.06981854810478264,-0.6000000000000005,-0.9719514743176904,0.8323143781081251,-0.17996886358820538
1998-03-01,-0.039198047633547346,-0.5,-0.8536316697838849,0.7752355745167901,-0.18025473851892973
1998-04-01,-0.04948904755161012,-0.7999999999999998,-0.41613146677053137,0.31715337166731117,-0.3123241023887182
1998-05-01,-0.13144789372434496,-0.5,-0.8099043174093195,0.5470085299606295,-0.44544454521491633
1998-06-01,-0.14435678270388827,-0.5,-0.2607787305941681,-0.027934834813608436,-0.1811436655629521
1998-07-01,-0.06132561656213964,-0.40000000000000036,-0.5101651551863193,0.38751392206204005,-0.37875992030904626
1998-08-01,-0.14729584193987266,-0.2999999999999998,-0.5473847176365937,0.25279303375684836,-0.18158779518849305
1998-09-01,-0.06851289130917723,-0.3000000000000007,-0.28843433106375627,0.1514085484454018,-0.18186556023268657
1998-10-01,-0.08824130206328333,-0.20000000000000018,-0.4257407952778213,0.24925819115125464,-0.31334677533026983
1998-11-01,-0.10947930538914978,-0.1999999999999993,-0.7913542479801705,0.572395637201871,-0.5121120646125011
1998-12-01,-0.20093223378494937,-0.2999999999999998,-0.9276306778130767,0.5257662102431779,-0.44642625567188376
1999-01-01,-0.1837410454752595,-0.2999999999999998,-0.8151670168876887,0.4476849259371697,-0.44717407925935854
1999-02-01,-0.17433018644386997,-0.1999999999999993,-1.0112467161335272,0.6625863432457872,-0.3816172132881516
1999-03-01,-0.11765089596843571,-0.5,-0.8902810677300813,0.6549792757932099,-0.31619454053797713
1999-04-01,-0.11503895930046577,0.0,-0.5927343969871636,0.362656478386232,-0.5149313426606715
1999-05-01,-0.2174325418482689,-0.20000000000000018,-0.8958889655332434,0.4610238818367056,-0.31680143204449235
1999-06-01,-0.147204334461188,-0.20000000000000018,-0.4463670234864098,0.15195835456403375,-0.317265706168293
1999-07-01,-0.14360904067622768,-0.20000000000000018,-0.5867892456812314,0.29957116432877595,-0.25204504188852417
1999-08-01,-0.13391255632052174,-0.2999999999999998,-0.5256932207484944,0.257868108107451,-0.1869067048661562
1999-09-01,-0.06789306954450529,-0.39999999999999947,-0.27937287303851943,0.14358673394950883,-0.18716399258720615
1999-10-01,-0.0935664050092699,-0.40000000000000036,-0.3945831822363465,0.2074503722178067,-0.12207544631834477
1999-11-01,-0.05022479830040347,-0.3000000000000007,-0.6992281893688295,0.5987785927680225,-0.1222463581092224
1999-12-01,-0.08319591473589709,-0.40000000000000036,-0.6393679941687629,0.47297616469696874,-0.18771384163417726
2000-01-01,-0.08048132933084545,-0.2999999999999998,-0.5807331251101999,0.41977046644850896,-0.1879670315602667
2000-02-01,-0.07678274375992453,-0.3000000000000007,-0.49336758131540814,0.33980209379555903,-0.12289530185723703
2000-03-01,-0.06402689621588145,-0.20000000000000018,-0.4430429040540935,0.31498911162233056,-0.319067183882369
2000-04-01,-0.15209726571142296,-0.5,-0.6643030638671554,0.36010853244430957,0.006839920249037947
2000-05-01,-0.016245745616029587,-0.20000000000000018,-0.6754430854525314,0.6429515942204723,-0.1230004468903008
2000-06-01,-0.06058219192981587,-0.2999999999999998,-0.35974488095503765,0.23858049709540588,-0.1231667396077755
2000-07-01,-0.05523790660034565,-0.2999999999999998,-0.49923891769373946,0.38876310449304813,-0.1233323156135132
2000-08-01,-0.06128531627526528,-0.10000000000000053,-0.17916563011900574,0.05659499756847517,-0.1884732969068571
2000-09-01,-0.0767909501078727,-0.30000000000000027,-0.2801568007561181,0.12657490054037268,-0.25380814933694656
2000-10-01,-0.10420837024607076,-0.19999999999999973,-0.42086264414615837,0.21244590365401683,-0.25414620054484904
2000-11-01,-0.10831554588401629,-0.19999999999999973,-0.7573189369524422,0.5406878451844097,-0.18934638849729388
2000-12-01,-0.08365752555749859,-0.10000000000000009,-0.6324979500763607,0.46518289896136344,-0.2546693456407635
2001-01-01,-0.10917472733544918,0.20000000000000018,-0.5921786767669613,0.373829222096063,-0.18987913990721722
2001-02-01,-0.07919773617752254,0.10000000000000053,-0.4753874802769533,0.3169920079219083,-0.19012037999652917
2001-03-01,-0.09415167840822664,0.2999999999999998,-0.40030295968739216,0.21199960287093889,-0.12537775908781013
2001-04-01,-0.06250087452637888,0.6000000000000005,-0.576623074945887,0.4516213258931293,-0.3205133553896037
2001-05-01,-0.1111357483716328,0.2999999999999998,-0.22395699252264567,0.0016854957793800834,-0.12571993338412527
2001-06-01,-0.04663505688428685,0.5,-0.3512890839168524,0.2580189701482786,-0.1906810280278631
2001-07-01,-0.10053044195377231,0.5999999999999996,-0.2647358620904626,0.06367497818291804,-0.19091790104350034
2001-08-01,-0.08324616770075183,0.8000000000000007,-0.20112648154449228,0.034634146142988625,-0.061577712874428155
2001-09-01,-0.05403858957006887,1.1,-0.25740444021831427,0.1493272610781765,-0.191064890009673
2001-10-01,-0.08275645437516911,1.4,-0.34422323022168605,0.17871032147134785,-0.12653627421949734
2001-11-01,-0.0627254631957158,1.6,-0.3614016855360453,0.23595075914461366,-0.1266891866950449
2001-12-01,-0.06916888109860374,1.8000000000000003,-0.27569335819192087,0.13735559599471336,-0.062174387289722306
2002-01-01,-0.02761979972078926,1.5,-0.3932284335632208,0.33798883412164227,0.13154620776324838
2002-02-01,0.026672762523175957,1.5,-0.252597300802516,0.30594282584886795,0.06704520919519022
2002-03-01,0.004934309661541768,1.4000000000000004,-0.3962862194636894,0.406154838786773,0.19636389406468546
2002-04-01,0.04565643864609673,1.5,-0.8342987154706142,0.9256115927628076,0.39139645285295177
2002-05-01,0.1238128307436737,1.5,-0.271015252506488,0.5186409139938354,0.19661860959039817
2002-06-01,0.06114640562711714,1.2999999999999998,-0.5781498456371821,0.7004426568914164,0.3263600434420298
2002-07-01,0.12091514124520283,1.2000000000000002,-0.6085777381325957,0.8504080206230015,0.3919125305506011
2002-08-01,0.10965661215425727,0.7999999999999998,-0.677072658946113,0.8963858832546275,0.5235050682716972
2002-09-01,0.19253474765239295,0.7000000000000002,-0.990707254097592,1.3757767494023778,0.7235799293979936
2002-10-01,0.2617392343374649,0.40000000000000036,-1.139935867828248,1.663414336503178,0.9289034011958036
2002-11-01,0.31728688299081675,0.40000000000000036,-1.2545087492238012,1.889082515205435,1.0707957840576123
2002-12-01,0.38659753482834786,0.2999999999999998,-1.3105880295689845,2.08378309922568,1.2167378302575804
2003-01-01,0.42175594511467723,0.09999999999999964,-0.8488403818891208,1.6923522721184754,1.0059791928984014
2003-02-01,0.3816525540627428,0.20000000000000018,-0.9370187956612389,1.7003239037867246,1.0087637504427842
2003-03-01,0.3578798764465439,0.20000000000000018,-0.7679303948040206,1.4836901476971083,0.9415178738691561
2003-04-01,0.3637510777485701,0.09999999999999964,-0.7260434502227336,1.453545605719874,1.013699444619279
2003-05-01,0.38470695286622636,0.2999999999999998,-0.8309082918408277,1.6003221975732804,1.0163965183192143
2003-06-01,0.39167039988732544,0.5,-0.5536736638176339,1.337014463592285,0.879070009468983
2003-07-01,0.34517303499780544,0.40000000000000036,-0.46119747761100377,1.1515435476066147,0.8120285955438562
2003-08-01,0.33996265042202,0.39999999999999947,-0.4631067843377962,1.143032085181836,0.5420322772801434
2003-09-01,0.2234473967929758,0.39999999999999947,-0.9431301892820352,1.3900249828679867,0.47620955462231757
2003-10-01,0.20645802185356568,0.2999999999999998,-1.220314965063562,1.6332310087706934,0.27865159962676644
2003-11-01,0.1125534188374499,-0.10000000000000053,-1.5085464275938516,1.7336532652687515,0.2789172162133366
2003-12-01,0.1084221078921404,-0.2999999999999998,-1.659208623694368,1.8760528394786486,0.21367919926791354
2004-01-01,0.08456554841255685,-0.09999999999999964,-1.2376407838903598,1.4067718807154737,0.08323898143372728
2004-02-01,0.03164534927674971,-0.3000000000000007,-1.3388903374918575,1.4021810360453568,0.14847303176829116
2004-03-01,0.037270546532363655,-0.10000000000000053,-1.1201537361963352,1.1946948292610626,0.14857555229414848
2004-04-01,0.08330204601814181,-0.40000000000000036,-1.006492481953162,1.1730965739894454,0.08346558820213923
2004-05-01,0.04705279229314666,-0.5,-1.1976301109074163,1.2917356954937098,0.21388172294943988
2004-06-01,0.08683740421816166,-0.7000000000000002,-0.8585066594867977,1.0321814679231212,0.34485221178203135
2004-07-01,0.13744826274108138,-0.7000000000000002,-0.6689222498677279,0.9438187753498906,0.27964001401064975
2004-08-01,0.1448435028638885,-0.6999999999999993,-0.6582259318959277,0.9479129376237047,0.27989867968467336
2004-09-01,0.12092459771756392,-0.6999999999999993,-1.0486547587533734,1.2905039541885013,0.2801562361388325
2004-10-01,0.11432226827410237,-0.5,-1.3124507186430254,1.54109525519123,0.2150291858756728
2004-11-01,0.07852854567719594,-0.39999999999999947,-1.5425713007541055,1.6996283921084976,-0.04523271240949799
2004-12-01,-0.006691294632606356,-0.2999999999999998,-1.7743220262191146,1.760939436953902,-0.17539707283180858
2005-01-01,-0.06019374855889697,-0.40000000000000036,-1.3824000808618138,1.2620125837440197,-0.04552592733905043
2005-02-01,0.00635482162835946,-0.1999999999999993,-1.3641808651402476,1.3768905083969667,-0.17556877356802877
2005-03-01,-0.037788873787805294,-0.5999999999999996,-1.1952131565165043,1.1196354089408935,-0.04581734060913142
2005-04-01,-0.01809622096652162,-0.39999999999999947,-1.1072093578607929,1.0710169159277496,-0.24069794554182178
2005-05-01,-0.092847218787859,-0.5,-1.3375301219884221,1.151835684412704,-0.3062596434252366
2005-06-01,-0.09940819106989761,-0.5999999999999996,-1.137139177329523,0.9383227951897277,-0.4377409241146364
2005-07-01,-0.14818383038824828,-0.5,-1.110668589942773,0.8143009291662766,-0.4384296662154804
2005-08-01,-0.15591829948864044,-0.5,-1.0654766043776762,0.7536400054003952,-0.4391148068182517
2005-09-01,-0.13802606542259765,-0.40000000000000036,-1.027787633409778,0.7517355025645828,-0.43979637404323824
2005-10-01,-0.14129775251665688,-0.5,-0.8377143599243427,0.555118854891029,-0.3089572803899604
2005-11-01,-0.12071049746100561,-0.40000000000000036,-0.7623184247341901,0.5208974298121789,-0.24404917489100178
2005-12-01,-0.08087365726733305,-0.5,-0.9573056244259469,0.7955583098912807,-0.17922891555148657
2006-01-01,-0.05913363911925566,-0.5999999999999996,-0.9099623199939122,0.791695041755401,-0.24455888387475203
2006-02-01,-0.07961312437132609,-0.6000000000000005,-0.8523478029466609,0.6931215542040088,-0.11472471084602921
2006-03-01,-0.0495638724960937,-0.5,-0.7723482249174208,0.6732204799252334,-0.3749731576481206
2006-04-01,-0.14522841038519552,-0.5,-1.015904469362761,0.7254476485923699,-0.24485075164992068
2006-05-01,-0.06689521257611687,-0.5,-0.7830402513583539,0.6492498262061202,-0.31027156993306027
2006-06-01,-0.11079991787759286,-0.40000000000000036,-1.0890739094283195,0.8674740736731339,-0.3760040601509079
2006-07-01,-0.1435144156437379,-0.2999999999999998,-1.0663932878077085,0.7793644565202326,-0.31113115573906347
2006-08-01,-0.09394458835886885,-0.20000000000000018,-0.9900566278030886,0.8021674510853508,-0.31154531538728897
2006-09-01,-0.12642186078675383,-0.5,-1.0161834287739342,0.7633397072004267,-0.24677118853226723
2006-10-01,-0.09723097796288104,-0.5999999999999996,-0.7598615172119905,0.5653995612862284,-0.31220488465039814
2006-11-01,-0.09661720915109705,-0.5,-0.4731194325021506,0.2798850141999565,-0.24742814780891062
2006-12-01,-0.08915813275869681,-0.5,-0.5835465205446702,0.40523025502727655,-0.31285884064755876
2007-01-01,-0.12124048598901561,-0.10000000000000053,-0.47658489776783347,0.23410392578980227,-0.37859589028527657
2007-02-01,-0.14580254493248998,-0.2999999999999998,-0.6273976083478934,0.33579251848291336,-0.3791109888871629
2007-03-01,-0.13582134963858233,-0.2999999999999998,-0.6594432983197787,0.38780059904261394,-0.31419206370351666
2007-04-01,-0.12477828097584114,-0.20000000000000018,-0.5854122351927746,0.3358556732410924,-0.314592469296419
2007-05-01,-0.12161942379292459,-0.1999999999999993,-0.7834870101048967,0.5402481625190476,-0.3149911539907567
2007-06-01,-0.12409131042107968,0.0,-1.0806842086134445,0.832501587771285,-0.2501595595510895
2007-07-01,-0.10501077759581917,0.0,-0.9928438235838559,0.7828222683922177,-0.1854123578884814
2007-08-01,-0.08983138679149624,-0.10000000000000053,-0.9828947300464305,0.8032319564634379,-0.12072101327373966
2007-09-01,-0.05042103976279506,0.20000000000000018,-0.957884533434517,0.8570424539089267,-0.31563475921449574
2007-10-01,-0.11846615946433574,0.2999999999999998,-0.7907719382874013,0.5538396193587299,-0.381323327047956
2007-11-01,-0.15478615049840705,0.20000000000000018,-0.4993338945489673,0.18976159355215322,-0.3164422183227262
2007-12-01,-0.1323446230936897,0.5999999999999996,-0.43975271503259594,0.17506346884521654,-0.3168312909172179
2008-01-01,-0.1253872114103222,0.40000000000000036,-0.4807316231891401,0.22995720036849568,-0.05738510807934758
2008-02-01,-0.01785278201685954,0.40000000000000036,-0.46251164114415,0.42680607711043095,-0.18676856926336588
2008-03-01,-0.08770268918828329,0.6999999999999993,-0.5989697668752525,0.42356438849868594,-0.18698162225598147
2008-04-01,-0.07767997575664923,0.5,-0.3232445047175384,0.16788455320423995,-0.122474608386458
2008-05-01,-0.049345480172799744,1.0,-0.24268464409678078,0.1439936837511813,-0.1226146942544665
2008-06-01,-0.060068927542647525,1.0,-0.30143843872716436,0.18130058364186932,0.006441531896685657
2008-07-01,-0.030059574894709878,1.0999999999999996,-0.20308773037279507,0.14296858058337533,0.006430225570157757
2008-08-01,-0.005871928984485271,1.5,-0.11235123215122,0.10060737418224946,-0.05812558741110917
2008-09-01,-0.03825200538989612,1.3999999999999995,-0.5276461698297157,0.4511421590499234,0.13534408651033866
2008-10-01,0.043475998079814726,1.7999999999999998,-0.5984945077983056,0.685446503957935,0.20007219935296985
2008-11-01,0.04930408496746496,2.0999999999999996,-0.4407510967420977,0.5393592666770276,0.13561677246507708
2008-12-01,0.04415077457227746,2.3,-0.8130744956980697,0.9013760448426246,0.3945013151363752
2009-01-01,0.12316667660031021,2.8,-0.3240240322836277,0.5703573854842481,0.26493712896920063
2009-02-01,0.061475754500752086,3.4000000000000004,-0.5151434867516747,0.6380949957531787,0.2652069227580244
2009-03-01,0.08583330624677675,3.5999999999999996,-0.7249528380187938,0.8966194505123474,0.46019391582118646
2009-04-01,0.16994475521278798,4.0,-0.4157973171700321,0.755686827595608,0.3303596006740267
2009-05-01,0.12765439701870715,4.0,-0.9016716708170067,1.156980464854421,0.6569183648024846
2009-06-01,0.21990712135577764,3.9000000000000004,-0.6993114558923142,1.1391256986038696,0.658037517021388
2009-07-01,0.24893445099894032,3.7,-0.7538195817767653,1.251688483774646,0.7257483435353418
2009-08-01,0.25604396070888696,3.5,-1.15742359949984,1.669511520917614,0.997568831810625
2009-09-01,0.381602462091334,3.700000000000001,-0.8081513359708103,1.5713562601534785,0.931093446473389
2009-10-01,0.34764606926740715,3.5,-1.1604212840197152,1.8557134225545298,1.211402255489998
2009-11-01,0.4735839031598507,3.1000000000000005,-1.3460052234538522,2.2931730297735538,1.4324641133047753
2009-12-01,0.5320367067770284,2.6000000000000005,-1.2745952386919555,2.338668652246012,1.5879428706527403
2010-01-01,0.6068522631081046,2.000000000000001,-1.7204428316275497,2.934147357843759,1.9862631449007373
2010-02-01,0.7605781592001082,1.5,-2.1194124672440067,3.6405687856442226,2.508396731908315
2010-03-01,0.9990159208053905,1.200000000000001,-1.9155077171811392,3.9135395587919204,2.7100772414416654
2010-04-01,1.110412231118619,0.9000000000000004,-2.2545115891134024,4.475336051350641,3.1177402496074236
2010-05-01,1.272021645433535,0.1999999999999993,-1.8490132956696759,4.393056586536746,3.139467205122092
2010-06-01,1.2855564338864938,-0.09999999999999964,-1.7315656476045886,4.302678515377576,3.0585917011092967
2010-07-01,1.3385302232242229,-0.09999999999999964,-1.447653245036954,4.1247136914853995,2.8794058185607816
2010-08-01,1.2963859096522694,-0.09999999999999964,-1.111614700459279,3.7043865197638177,2.704538845676312
2010-09-01,1.174055255287207,-0.3000000000000007,-1.44442623423571,3.792536744810124,2.9074613009183725
2010-10-01,1.214605091714344,-0.5999999999999996,-1.005125658409361,3.434335841838049,2.731430758171665
2010-11-01,1.266916130665053,-0.09999999999999964,-0.6677823627858999,3.2016146241160057,2.3781552861462845
2010-12-01,1.0760091637201683,-0.5999999999999996,-0.7401453655918198,2.892163693032156,1.9579902683466306
2011-01-01,0.9461167837715334,-0.7000000000000011,-1.381178310964121,3.2734118785071877,1.4820819917321777
2011-02-01,0.6873535841934516,-0.8000000000000007,-2.2347998585151583,3.6095070269020617,1.1063422953759796
2011-03-01,0.5662736452032381,-0.9000000000000004,-2.41055955470186,3.5431068451083365,0.8882544546460848
2011-04-01,0.4386604183291009,-0.8000000000000007,-3.0857899660250174,3.963110802683219,0.6734675881514018
2011-05-01,0.36260731973184973,-0.5999999999999996,-2.9401128724581236,3.6653275119218227,0.18017778176582946
2011-06-01,0.16264394673161678,-0.3000000000000007,-3.070981458060064,3.3962693515232973,-0.02895015586406697
2011-07-01,0.022408504082954514,-0.40000000000000036,-2.9564818982682146,3.0012989064341236,-0.02907012609940874
2011-08-01,0.04047244212283841,-0.5,-2.733855635804779,2.8148005200504564,-0.029189691874361757
2011-09-01,0.06283314581192294,-0.5,-3.100772680367274,3.22643897199112,-0.16887373213026025
2011-10-01,-0.020207557870626294,-0.5999999999999996,-3.2473550146761245,3.206939898934872,-0.37927870905513744
2011-11-01,-0.1264707082766449,-1.200000000000001,-2.5532487885617927,2.300307372008503,-0.029557989354793857
2011-12-01,0.041355115235238396,-0.8000000000000007,-2.451385994763091,2.534096225233568,-0.3778667229925156
2012-01-01,-0.12353747378280461,-0.7999999999999989,-2.623302256883742,2.3762273093181325,-0.4485896821372448
2012-02-01,-0.17803669364446134,-0.6999999999999993,-3.189984692699838,2.833911305410915,-0.5197015157583854
2012-03-01,-0.19438971524854246,-0.8000000000000007,-3.199040636474083,2.8102612059769982,-0.591257929192767
2012-04-01,-0.19765544011355834,-0.9000000000000004,-3.7221058244676763,3.32679494424056,-0.5211220415943753
2012-05-01,-0.20201491046863915,-0.8000000000000007,-3.5047351026586124,3.100705281721334,-0.38067408131263636
2012-06-01,-0.10387398239167143,-0.9000000000000004,-3.337499387183352,3.1297514224000094,-0.17120113543651086
2012-07-01,-0.05918893872309154,-0.8000000000000007,-3.0380793410742606,2.9197014636280776,-0.24108917248716266
2012-08-01,-0.05771658703769015,-0.9000000000000004,-2.832044664965308,2.7166114908899277,-0.3112058364732508
2012-09-01,-0.10696930655349284,-1.2000000000000002,-3.2705751327326897,3.0566365196257044,-0.3115813360053294
2012-10-01,-0.08339236728761262,-1.0000000000000009,-3.310539824093111,3.1437550895178856,-0.3819818125113884
2012-11-01,-0.11936265715635178,-0.8999999999999995,-2.51645600335753,2.2777306890448266,-0.8064181623320616
2012-12-01,-0.3041797112170569,-0.5999999999999996,-2.70757666566375,2.0992172432296363,-0.5218640969188734
2013-01-01,-0.17647105261071214,-0.3000000000000007,-2.1754858769559484,1.822543771734524,-0.5225501051182068
2013-02-01,-0.1707918577568827,-0.6000000000000005,-1.9873395967860965,1.645755881272331,-0.4528191187999048
2013-03-01,-0.17787712372463865,-0.6999999999999993,-1.9383138570502816,1.5825596096010044,-0.5237090091583817
2013-04-01,-0.18379161396343735,-0.5999999999999996,-2.3271045974252584,1.959521369498384,-0.595029192290398
2013-05-01,-0.216936077699959,-0.6999999999999993,-2.940474340486425,2.506602185086507,-0.5250671982836194
2013-06-01,-0.21121653543451432,-0.6999999999999993,-3.12682895288923,2.704395882020201,-0.59641761372864
2013-07-01,-0.21294605693589366,-0.8999999999999995,-2.9503023763918805,2.524410262520093,-0.5264116267670144
2013-08-01,-0.2084916956183392,-0.8999999999999995,-2.7914560730796945,2.3744726818430157,-0.5977919154340294
2013-09-01,-0.21117722313973813,-0.5999999999999996,-3.186734260365741,2.764379814086265,-0.812466833483185
2013-10-01,-0.3176026094846114,-0.5999999999999996,-3.3776921105879705,2.742486891618748,-0.6701366804600876
2013-11-01,-0.27206855517238765,-0.7999999999999998,-2.619452513768564,2.075315403423789,-0.5998854359603358
2013-12-01,-0.23428985353290682,-1.2000000000000002,-2.5786944227456225,2.1101147156798086,-0.3887250833767519
2014-01-01,-0.13618963903553596,-1.4000000000000004,-2.1352044633807723,1.8628251853097002,-0.17952829157871264
2014-02-01,-0.03376730706456355,-1.0,-1.7675052213271072,1.6999706071979799,-0.3887004928374583
2014-03-01,-0.1101187449753785,-0.7999999999999998,-1.7404219612375782,1.5201844712868213,-0.4592175359350911
2014-04-01,-0.1665926824598348,-1.3999999999999995,-1.5306013076366594,1.19741594271699,-0.3895704935017249
2014-05-01,-0.12618746652068275,-1.2000000000000002,-0.8702800619786653,0.6179051289372999,-0.4600996501657229
2014-06-01,-0.14571527731149095,-1.4000000000000004,-0.8287392398322249,0.537308685209243,-0.46062408150840234
2014-07-01,-0.1862797309367192,-1.0999999999999996,-0.726658313021572,0.35409885114813355,-0.6020772074709981
2014-08-01,-0.22216032106151568,-1.1000000000000005,-0.7991560990481541,0.3548354569251227,-0.6028396019712169
2014-09-01,-0.23294772592117494,-1.2999999999999998,-1.0656371503033526,0.5997416984610027,-0.3918630819240153
2014-10-01,-0.14463251501082347,-1.5,-0.7229210128450609,0.43365598282341394,-0.39228132481655065
2014-11-01,-0.1453352794997855,-1.1000000000000005,-1.2187445454844383,0.9280739864848673,-0.5331033281925295
2014-12-01,-0.19732800181196913,-1.1000000000000005,-0.969688754473641,0.5750327508497028,-0.8175280215444991
2015-01-01,-0.33730413934123915,-0.8999999999999995,-1.4708697087066733,0.7962614300241951,-0.9632622634017839
2015-02-01,-0.3974863859668059,-1.2000000000000002,-0.9656857908372549,0.17071301890364304,-0.6759534199440127
2015-03-01,-0.3124447061232451,-1.2999999999999998,-0.6400231308623863,0.015133718615896075,-0.5350340887892784
2015-04-01,-0.22479726264567118,-0.7999999999999998,-1.1720716143346808,0.7224770890433385,-0.9620664185860643
2015-05-01,-0.44371968476579193,-0.7000000000000002,-1.151562591485378,0.2641232219537941,-0.8190347480479292
2015-06-01,-0.32418854009366804,-0.7999999999999998,-1.2425067531924552,0.5941296730051191,-0.9643970588480237
2015-07-01,-0.42841379180569805,-1.0,-0.9812258158201524,0.12439823220875634,-0.7493311765305758
2015-08-01,-0.30816509237147827,-1.0,-0.8877958793484312,0.27146569460547465,-0.7503577862541131
2015-09-01,-0.29989667985734036,-0.9000000000000004,-1.2060617725251936,0.6062684128105128,-0.8947674194832086
2015-10-01,-0.3765747936165735,-0.7000000000000002,-1.4353234200305391,0.6821738327973921,-1.0413753547338034
2015-11-01,-0.44600350977357955,-0.7000000000000002,-0.9762219708042699,0.08421495125711081,-0.7527796974328812
2015-12-01,-0.27522185464755766,-0.5999999999999996,-1.0336164774540313,0.48317276815891586,-0.7537824985338717
2016-01-01,-0.34050182834084985,-0.9000000000000004,-1.4611813764318293,0.7801777197501296,-0.6123071088955561
2016-02-01,-0.24108137823192832,-0.5999999999999996,-0.8436555926838146,0.361492836219958,-0.8263444990034431
2016-03-01,-0.35754782349706954,-0.40000000000000036,-1.0800953899932098,0.3649997429990706,-0.8995190612889201
2016-04-01,-0.4059002427617502,-0.3000000000000007,-1.3314934404688037,0.5196929549453034,-0.5428837482901616
2016-05-01,-0.2202596838034524,-0.7999999999999998,-0.9036632788259399,0.4631439112190351,-0.4731109057924384
2016-06-01,-0.21499165926998984,-0.39999999999999947,-1.0768696917972302,0.6468863732572506,-0.5438412912193661
2016-07-01,-0.2343317147177757,-0.40000000000000036,-0.7198210653171755,0.25115763588162415,-0.6856702199966507
2016-08-01,-0.30176524808854344,-0.1999999999999993,-0.7794304147710457,0.17589991859395882,-0.6864860410125342
2016-09-01,-0.29561986833297,0.0,-1.1341897779496746,0.5429500412837345,-0.616319292488405
2016-10-01,-0.2876587739912309,-0.09999999999999964,-1.3187431171297155,0.7434255691472538,-0.4758161396977151
2016-11-01,-0.19218850416112643,-0.39999999999999947,-0.7224069651918168,0.33802995686956394,-0.47626916555150783
2016-12-01,-0.18343837409925837,-0.2999999999999998,-0.9418329969057319,0.5749562487072152,-0.40653750998886284
2017-01-01,-0.18650556140967822,-0.09999999999999964,-1.3136993880992816,0.9406882652799251,-0.6176436289818795
2017-02-01,-0.2681137374430474,-0.3000000000000007,-0.8706879518949338,0.3344604770088389,-0.40690993761762406
2017-03-01,-0.16576528283082734,-0.5999999999999996,-0.9041865090493686,0.5726559433877139,-0.26756819942967325
2017-04-01,-0.11947521194833777,-0.6999999999999993,-1.053150142625801,0.8141997187291254,-0.1981926140856903
2017-05-01,-0.07372656337048786,-0.39999999999999947,-0.7723257876420936,0.6248726609011178,-0.5467594030437588
2017-06-01,-0.25174026136759925,-0.6000000000000005,-1.1136182938948398,0.6101377711596412,-0.2675289622087365
2017-07-01,-0.09065141065952312,-0.5,-0.5673489459352895,0.3860461246162432,-0.2677460212043872
2017-08-01,-0.13489996678281393,-0.5,-0.6309929291099727,0.3611929955443448,-0.12927114954493846
2017-09-01,-0.030339553968026397,-0.7000000000000002,-0.9092947094852529,0.8486156015492002,0.008975698605055222
2017-10-01,-0.02955311727633804,-0.7000000000000002,-1.064081538911214,1.0049753043585377,-0.06017281691979163
2017-11-01,-0.023496496368437356,-0.5,-0.5413304175503121,0.4943374248134374,-0.26774628607774237
2017-12-01,-0.09578963638497294,-0.6000000000000005,-0.36539266684831145,0.17381339407836555,-0.19867371993205304
2018-01-01,-0.06748143256036501,-0.7000000000000002,-0.5621299877545013,0.4271671226337713,-0.06052848641364475
2018-02-01,-0.04744889652947224,-0.5,-0.5417252684802053,0.4468274754212608,-0.19876146103509537
2018-03-01,-0.07376574239365867,-0.40000000000000036,-0.8121869686121999,0.6646554838248826,-0.4067123153115933
2018-04-01,-0.1443531492871503,-0.40000000000000036,-0.6202681714390444,0.3315618728647438,-0.4766900583372563
2018-05-01,-0.20638880796769352,-0.6000000000000005,-0.5152649330588747,0.10248731712348766,-0.2684763461203929
2018-06-01,-0.1212479507991368,-0.2999999999999998,-0.4369115906960768,0.1944156890978032,-0.4072630669473063
2018-07-01,-0.1870974812649042,-0.5,-0.4692675616088319,0.09507259907902352,-0.33816954654266435
2018-08-01,-0.1363375236515279,-0.6000000000000005,-0.6112478456083155,0.33857279830525966,-0.33844436677004847
2018-09-01,-0.1505329652030414,-0.5999999999999996,-0.8502430231964317,0.549177092790349,-0.47760705475637727
2018-10-01,-0.2153365155061341,-0.40000000000000036,-0.8287625942480933,0.3980895632358251,-0.4780392157007664
2018-11-01,-0.21687537348746383,-0.40000000000000036,-0.4335306325726465,-0.00022011440228114632,-0.3393207745137871
2018-12-01,-0.17409776449312384,-0.19999999999999973,-0.5506696664076637,0.20247413742141604,-0.4089712914577114
2019-01-01,-0.1751054770489938,0.0,-0.8023942021749016,0.452183248076914,-0.4788817974360949
2019-02-01,-0.23489779051942253,-0.2999999999999998,-0.528646925488181,0.05885134444933596,-0.34017200999057734
2019-03-01,-0.14208081529465008,-0.20000000000000018,-0.6248911505117105,0.3407295199224103,-0.2711702372001294
2019-04-01,-0.12105039015405,-0.2999999999999998,-0.5969654123059441,0.3548646319978441,-0.2713741087470263
2019-05-01,-0.11928507303872757,-0.19999999999999973,-0.4503452709511305,0.21177512487367542,-0.41010719198265383
2019-06-01,-0.1588081322963018,-0.3999999999999999,-0.47241619543037605,0.15479993083777244,-0.20257056379768537
2019-07-01,-0.10697843118452567,-0.09999999999999964,-0.38730702706107223,0.1733501646920209,-0.34086895271166134
2019-08-01,-0.1850175795941584,-0.19999999999999973,-0.6599279015509459,0.2898927423626292,-0.41042912281851057
2019-09-01,-0.18437491879050333,-0.20000000000000018,-0.8840849767838936,0.5153351392028871,-0.41076520275641104
2019-10-01,-0.20089982685208277,-0.19999999999999973,-0.8143259055940419,0.41252625188987646,-0.27249739617929086
2019-11-01,-0.14908689325853616,-0.19999999999999973,-0.3657421523437189,0.06756836582664652,-0.27269684362247165
2019-12-01,-0.1142346533825601,-0.2999999999999998,-0.49632543458948397,0.26785612782436374,-0.1348539884648239
2020-01-01,-0.0779638276529749,-0.3999999999999999,-0.7052525527788828,0.5493248974729329,0.002782329947688739
2020-02-01,-0.0005594772603696047,-0.2999999999999998,-0.2823651560905461,0.2812462015698069,-0.20369428059202288
2020-03-01,-0.10893066638615274,0.6000000000000005,-0.41523631061945937,0.1973749778471539,-0.13496417156485602
2020-04-01,-0.06221785583846764,11.100000000000001,-0.5215135089950712,0.39707779731813597,-0.20390120078164015
2020-05-01,-0.11473025237542837,9.6,-0.43411226006534065,0.20465175531448387,-0.13518148549945191
2020-06-01,-0.07651458743458735,7.4,-0.3954814650669564,0.24245229019778175,-0.2729766980284158
2020-07-01,-0.11643901821119088,6.499999999999999,-0.3564464735312477,0.12356843710886595,-0.06662453865379196
2020-08-01,-0.025649940838212027,4.800000000000001,-0.3854614695707626,0.33416158789433853,-0.13538527300858277
2020-09-01,-0.06176392753552903,4.3,-0.72091857655572,0.5973907214846619,-0.1354774738503948
2020-10-01,-0.0851493592776504,3.3000000000000003,-0.6687977456199147,0.49849902706461385,-0.1355694119410567
2020-11-01,-0.07365156623000665,3.1,-0.28994959312228574,0.1426464606622724,-0.1356610884021398
2020-12-01,-0.08055130059927336,3.1,-0.4626420818061972,0.3015394806076505,-0.2045069551897206
2021-01-01,-0.10141469682339821,2.8000000000000003,-0.7248272387947275,0.5219978451479311,-0.2734781323100854
2021-02-01,-0.14967326907050166,2.7,-0.4304185260797135,0.13107198793871017,-0.2048093936658014
2021-03-01,-0.09902191562199354,1.6999999999999993,-0.7676066937503773,0.5695628625063901,0.41184915455112747
2021-04-01,0.14449214365675192,-8.700000000000001,-10.03668794288045,10.325672230193954,8.43216088514411
2021-05-01,2.9574787152698634,-7.3999999999999995,-5.837336987067603,11.75229441760733,6.046785378345756
2021-06-01,2.2645485261077942,-5.1,-4.6608734457380105,9.189970497953599,3.7472218912404154
2021-07-01,1.3010291267998606,-4.799999999999999,-4.633019853259716,7.235078106859438,3.159269484586152
2021-08-01,1.0449221056809592,-3.3000000000000007,-3.423080203349761,5.51292441471168,2.1239050686540932
2021-09-01,0.6936679420183007,-3.0999999999999996,-3.3193383047226956,4.7066741887592976,1.890119076689329
2021-10-01,0.5912693857720412,-2.4000000000000004,-2.508547006544986,3.691085778089069,1.4117841135220748
2021-11-01,0.5309822459751786,-2.5,-2.388382417948994,3.4503469098993516,1.331836854244891
2021-12-01,0.5103881955200339,-2.8000000000000003,-2.484565193296486,3.5053415843365534,1.343625044694565
2022-01-01,0.39765612533441325,-2.4000000000000004,-2.416362373488273,3.2116746241570993,1.2157098765703462
2022-02-01,0.3545042317558821,-2.4000000000000004,-2.269454794484137,2.9784632579959007,1.1787864531353582
2022-03-01,0.3687885016230793,-2.3999999999999995,-0.8640436764373908,1.6016206796835495,0.7417388709645
2022-04-01,0.19132663822374016,-2.3999999999999995,-16.358008278484125,16.740661554931602,-2.9476536092904224
2022-05-01,-0.9081470125884935,-2.1999999999999997,-13.983772001649617,12.16747797647263,-2.386401753684049
2022-06-01,-0.3277647148057034,-2.3000000000000003,-9.057562086724918,8.402032657113512,-1.4507906006659455
2022-07-01,-0.2949807907308299,-1.9000000000000004,-8.114985780723744,7.525024199262085,-1.3833370851529807
2022-08-01,-0.2778875333452536,-1.4999999999999996,-5.652940622434796,5.097165555744288,-0.9029881446218382
2022-09-01,-0.07925584606252198,-1.2000000000000002,-5.013910762467957,4.855399070342913,-0.8540880197731818
2022-10-01,-0.1287821434413426,-0.8999999999999999,-3.9029447868053158,3.6453804999226307,-0.6528398082077859
2022-11-01,-0.08006450061638087,-0.6000000000000001,-3.8522837782769965,3.6921547770442347,-0.6884757205753786
2022-12-01,-0.1059598011670123,-0.3999999999999999,-4.165673036911093,3.9537534345770684,-0.7852116624621721
2023-01-01,-0.1407889690496227,-0.5,-3.7022756711939437,3.420697733094698,-0.6723701230192878
2023-02-01,-0.08306210245569354,-0.19999999999999973,-3.5944508496440966,3.428326644732709,-0.6783533619635626
2023-03-01,-0.06495696221563586,-0.20000000000000018,-3.0213370306285725,2.8914231061973004,-0.6842993848927104
2023-04-01,-0.11869116920763595,-0.30000000000000027,-16.6680260859155,16.430643747500227,-0.6902084713001964
2023-05-01,-0.09940210445420265,0.0,-13.175027093515327,12.976222884606921,-0.6355538215724469
2023-06-01,-0.09348944151000234,0.0,-8.823286813429217,8.636307930409213,-0.6705808776890811
2023-07-01,-0.09177315265212967,0.0,-7.911778142645045,7.728231837340785,-0.5550338518675945
2023-08-01,-0.09870970189083748,0.10000000000000009,-5.47376279098038,5.276343387198705,-0.4399283579429853
2023-09-01,-0.0927764022567861,0.2999999999999998,-5.027431318662221,4.841878514148649,-0.3544468046022401
2023-10-01,-0.08237076779888058,0.2999999999999998,-3.8565334111628538,3.6917918755650927,-0.269056849517272
2023-11-01,-0.055316218518700624,0.10000000000000009,-3.8275354961793164,3.7169030591419148,-0.18375880322115304
2023-12-01,-0.052238154373726885,0.2999999999999998,-4.111951390117808,4.0074750813703535,-0.12708844551649892
2024-01-01,-0.04449188447866059,0.20000000000000018,-3.6059785866229817,3.51699481766566,-0.15606152452301067
2024-02-01,-0.026533074631335786,0.2999999999999998,-3.537921821819739,3.484855672557067,-0.0707781551173019
2024-03-01,-0.038080259421083916,0.3999999999999999,-2.9944603278340205,2.9182998089918524,-0.07094992149817433
2024-04-01,-0.02857162318102991,0.5,-15.50228178073977,15.44513853437771,-0.09966397984751896
2024-05-01,-0.06932377248788517,0.3999999999999999,-12.23498599515631,12.096338450180538,-0.014331721689279795
2024-06-01,-0.031516902440157216,0.49999999999999956,-8.078937544489937,8.015903739609621,-0.014312882802002205
2024-07-01,-0.020256582984544188,0.7000000000000002,-7.239102504298839,7.198589338329751,-0.014294093376718131
2024-08-01,-0.03551131958289102,0.5,-4.976727066909391,4.905704427743609,0.014237581043829706
2024-09-01,-0.01838983936358696,0.2999999999999998,-4.574941688844206,4.538162010117032,0.07139674770781212
2024-10-01,-0.011236210915651907,0.19999999999999973,-3.498747598037246,3.4762751762059425,0.07170482351655467
2024-11-01,-0.020008021229139996,0.5,-3.4970370703716567,3.4570210279133766,0.014945536555782117
2024-12-01,-0.018213802743779355,0.2999999999999998,-3.790185187520538,3.7537575820329794,0.07208693492451046
2025-01-01,-0.010382273210651802,0.2999999999999998,-3.300127314576265,3.2793627681549613,0.04386083302979698
2025-02-01,-0.006874689036270457,0.19999999999999973,-3.2756178330544494,3.2618684549819084,0.07259029510340413
2025-03-01,-0.019816127868289204,0.30000000000000027,-2.8958110502256096,2.856178794489031,0.1014425637577221
2025-04-01,0.005002218473754148,0.30000000000000027,-0.5894607243180552,0.5994651612655635,0.13043187383498836
2025-05-01,-0.0038520364920997126,0.20000000000000018,-0.6172836480762299,0.6095795750920304,0.10234952230252009
2025-06-01,-0.004368027764648828,0.0,-0.8357145749342063,0.8269785194049086,0.13134286746417614
2025-07-01,0.003502516117907075,0.0,-0.6948655531078989,0.701870585343713,0.18914853138007426
2025-08-01,0.02017447209569667,0.09999999999999964,-0.5711290335389471,0.6114779777303404,0.1325352359836861
