date,y_hat,y_true,p_star,y_hat_p05,y_hat_p95,y_hat_base
1963-12-01,0.07047274223423751,0.0,1,,,-0.08088954541780885
1964-01-01,0.01768236972878801,-0.10000000000000053,1,,,0.14107674152909128
1964-02-01,0.09072183756736331,-0.5,1,,,0.40811400958946137
1964-03-01,0.1656809599242932,-0.2999999999999998,1,,,0.2426368274010933
1964-04-01,0.091963077224533,-0.40000000000000036,1,,,0.23895496306071015
1964-05-01,0.15970920433285912,-0.8000000000000007,1,,,0.3920444820197059
1964-06-01,0.1902176874755763,-0.39999999999999947,1,,,0.2351403762182508
1964-07-01,0.11209150558462352,-0.6999999999999993,1,,,0.2820202861072402
1964-08-01,0.12977800567435874,-0.40000000000000036,1,,,0.033819744023823185
1964-09-01,0.07594019925881824,-0.40000000000000036,1,,,0.12312603256670007
1964-10-01,0.11725124107986909,-0.40000000000000036,1,,,0.21252108402862924
1964-11-01,0.12396932778084484,-0.9000000000000004,1,,,0.16321767769872803
1964-12-01,0.10227214787576776,-0.5,1,0.021382602457958907,0.18316169329357662,0.15975470182316032
1965-01-01,0.09005802895113374,-0.6999999999999993,1,-0.15101871257795807,0.33113477048022555,0.11033141490605568
1965-02-01,0.08284621334734267,-0.3000000000000007,1,-0.8252677962421187,0.990960222936804,-0.0800708210902293
1965-03-01,0.04461839893583081,-0.7000000000000002,1,-0.4980184284652623,0.587255226336924,0.005630839962840825
1965-04-01,0.06690106210985514,-0.5,1,-0.5720539009508554,0.7058560251705657,-0.04694532907584063
1965-05-01,0.02531667296994088,-0.5,1,-1.1667278090497657,1.2173611549896473,-0.2491114764890431
1965-06-01,0.05258056805039539,-0.6000000000000005,1,-0.5825598081678549,0.6877209442686456,-0.06331596814156108
1965-07-01,0.012208082561171724,-0.5,1,-0.9698122035460679,0.9942283686684112,-0.2098618597292473
1965-08-01,-0.003016389954600891,-0.5999999999999996,1,-0.43683613397842447,0.43080335406922265,-0.07875830722977782
1965-09-01,-0.004441805616331509,-0.7999999999999998,1,-0.527567838183032,0.5186842269503689,-0.08493582443741383
1965-10-01,-0.017412814431277363,-0.8999999999999995,1,-0.629933898459907,0.5951082695973522,-0.09088076144700503
1965-11-01,-0.008803870876526444,-0.7000000000000002,1,-1.0720215485752547,1.054413806822202,-0.3273151518682695
1965-12-01,-0.04767846250001152,-1.0,1,-0.7074331643231718,0.6120762393231488,-0.1477055312239062
1966-01-01,-0.050037758936764966,-0.9000000000000004,1,-0.86036917384282,0.76029365596929,-0.24339900067923714
1966-02-01,-0.06668407196399112,-1.2999999999999998,1,-0.9747980815534525,0.8414299376254701,-0.07654536987711015
1966-03-01,-0.03470738401697229,-0.9000000000000004,1,-0.7403382239798133,0.6709234559458688,-0.24780962691514072
1966-04-01,-0.09767630778924842,-1.0,1,-0.7366312708499589,0.5412786552714621,-0.16959103733273131
1966-05-01,-0.0962099122087024,-0.6999999999999997,1,-1.2882543942284088,1.0958345698110041,-0.17529810081512123
1966-06-01,-0.08467366701660008,-0.7999999999999998,1,-0.7198140432348503,0.5504667092016502,-0.22296776302540972
1966-07-01,-0.09544804013572988,-0.6000000000000005,1,-1.0774683262429694,0.8865722459715097,-0.1871843681953033
1966-08-01,-0.11251829927160358,-0.6000000000000005,1,-0.6337599920418254,0.40872339349861825,-0.23434677291039746
1966-09-01,-0.09375525901712746,-0.5999999999999996,1,-0.8088194345797134,0.6213089165454585,-0.3279416383928576
1966-10-01,-0.1382404582441059,-0.5,1,-0.9473596967971003,0.6708787803088885,-0.38362729424754327
1966-11-01,-0.1422402385388883,-0.49999999999999956,1,-1.2054579162376167,0.92097743915984,-0.3013609398970354
1966-12-01,-0.15508341162853576,-0.20000000000000018,1,-1.0073778804046296,0.697211057147558,-0.4456400061668079
1967-01-01,-0.18598861626912894,-0.10000000000000009,1,-0.9963200311751839,0.6243427986369261,-0.4087706404917885
1967-02-01,-0.1746956477632926,0.0,1,-1.3981502778861823,1.048758982359597,-0.62104773099079
1967-03-01,-0.220355005261192,0.0,1,-0.925985845224033,0.48527583470164903,-0.42566346234328384
1967-04-01,-0.19588310933094502,0.0,1,-1.0262920719982138,0.6345258533363237,-0.48214756404887577
1967-05-01,-0.23347309519830117,-0.10000000000000009,1,-1.4255175772180078,0.9585713868214053,-0.3516596583363785
1967-06-01,-0.19750627620053812,0.10000000000000009,1,-0.8326466524187883,0.43763410001771214,-0.40113532135908525
1967-07-01,-0.2348683128336514,0.0,1,-1.216888598940891,0.7471519732735882,-0.3195283997600341
1967-08-01,-0.2176425946421235,0.0,1,-0.7388842874123454,0.3035990981280983,-0.3234595873132712
1967-09-01,-0.21943291078069413,0.09999999999999964,1,-0.9344970863432801,0.4956312647818918,-0.32728235001284733
1967-10-01,-0.23545697304067364,0.2999999999999998,1,-1.044576211593668,0.5736622655123207,-0.2888995904831135
1967-11-01,-0.19877396721090657,0.2999999999999998,1,-1.261991644909635,0.8644437104878218,-0.2916054728187268
1967-12-01,-0.25215675215889655,0.0,1,-1.1044512209349904,0.6001377166171973,-0.17172478763507312
1968-01-01,-0.22589844068891166,-0.19999999999999973,1,-1.0362298555949667,0.5844329742171434,-0.13172645166529803
1968-02-01,-0.21761513189687848,0.0,1,-1.441069762019768,1.0058394982260113,-0.09081850067074401
1968-03-01,-0.18472837305354836,-0.09999999999999964,1,-0.8903592130163894,0.5209024669092926,-0.08969700909917032
1968-04-01,-0.21867749654028348,-0.2999999999999998,1,-1.0490864592075522,0.6117314661269853,-0.08860287438818833
1968-05-01,-0.2027931941191919,-0.2999999999999998,1,-0.7274950933040705,0.32190870506568664,-0.12795092510689207
1968-06-01,-0.21241087508868706,-0.19999999999999973,1,-0.7894431120632772,0.3646213618859031,-0.04723951585155228
1968-07-01,-0.18360513929350838,-0.09999999999999964,1,-0.5964207710982057,0.22921049251118888,-0.08609521177209611
1968-08-01,-0.18653860437337677,-0.2999999999999998,1,-0.7077802971435986,0.33470308839684504,-0.0850940397263618
1968-09-01,-0.19824954986038942,-0.3999999999999999,1,-0.9133137254229754,0.5168146257021965,-0.04389991891533289
1968-10-01,-0.1821089289729701,-0.6000000000000001,1,-0.9912281675259644,0.6270103095800243,0.040110906198945154
1968-11-01,-0.15745497787608595,-0.5,1,-0.7490604506948125,0.4341504949426406,0.043672406651527905
1968-12-01,-0.15979552133334027,-0.3999999999999999,1,-1.012089990109434,0.6924989474427535,-0.07690352467944064
1969-01-01,-0.16718394227820974,-0.30000000000000027,1,-0.823784941598973,0.48941705704255345,-0.15433513330655563
1969-02-01,-0.1791801062203891,-0.3999999999999999,1,-1.4026347363432787,1.0442745239025006,-0.07747784215306625
1969-03-01,-0.16578536117930132,-0.30000000000000027,1,-0.8179757342641609,0.4864050119055583,-0.11547786017615524
1969-04-01,-0.16852472126847748,-0.10000000000000009,1,-0.9989336839357462,0.6618842413987912,-0.19198297460173872
1969-05-01,-0.17627971857314964,-0.10000000000000009,1,-0.7009816177580281,0.3484221806117289,-0.1930691431589117
1969-06-01,-0.18439145293226444,-0.20000000000000018,1,-0.7614236899068546,0.3926407840423257,-0.15607527227806658
1969-07-01,-0.19060308877449594,-0.20000000000000018,1,-0.6034187205791932,0.22221254303020133,-0.11855950036971236
1969-08-01,-0.1800170454245532,0.0,1,-0.5456702725141562,0.18563618166504986,-0.19405051987815952
1969-09-01,-0.19353875757898728,0.30000000000000027,1,-0.6208211075918343,0.2337435924338597,-0.23286072212490092
1969-10-01,-0.18196880518937328,0.30000000000000027,1,-0.8220797113883186,0.458142101009572,-0.3110001508648143
1969-11-01,-0.19946998649682454,0.10000000000000009,1,-0.7910754593155511,0.392135486321902,-0.2753170979360227
1969-12-01,-0.1940364771284057,0.10000000000000009,1,-0.517132952448965,0.1290599981921536,-0.23949016087330272
1970-01-01,-0.2034080879592646,0.5,1,-0.5121787284510531,0.10536255253252383,-0.20344435224287566
1970-02-01,-0.18981498106785816,0.8000000000000003,1,-0.8108627120586482,0.43123274992293187,-0.24174610526888898
1970-03-01,-0.21026699610789645,1.0000000000000004,1,-0.6359304584511802,0.21539646623538738,-0.20581598904740517
1970-04-01,-0.20864359626890383,1.1999999999999997,1,-0.6907911603177797,0.27350396777997193,-0.1325589736961863
1970-05-01,-0.19548122541254076,1.4,1,-0.4471408837489192,0.05617843292383767,-0.13226247099121488
1970-06-01,-0.19464285802536033,1.4000000000000004,1,-0.6957781793844456,0.30649246333372504,-0.1689325600846036
1970-07-01,-0.1952873278226869,1.5,1,-0.514815727582721,0.12424107193734721,-0.16920527432498142
1970-08-01,-0.195769967293484,1.5999999999999996,1,-0.5192295546067551,0.12768962001978718,-0.09599340312602701
1970-09-01,-0.1952086100499627,1.7000000000000002,1,-0.7280693321748639,0.3376521120749385,0.017593388532240406
1970-10-01,-0.17189918076982577,1.7999999999999998,1,-0.8120100869687711,0.4682117254291195,0.02080227660127775
1970-11-01,-0.16065676586981964,2.4000000000000004,1,-0.7522622386885462,0.4309487069489069,-0.05333137967047953
1970-12-01,-0.17007880742545345,2.5999999999999996,1,-0.5095689682987563,0.16941135344784936,-0.051886861258308256
1971-01-01,-0.1833807438877643,2.0000000000000004,1,-0.88682509613064,0.5200636083551115,0.10241726893592838
1971-02-01,-0.14241461024201793,1.7000000000000002,1,-1.184160715510907,0.8993314950268713,0.2373053589202184
1971-03-01,-0.11555205536066038,1.5999999999999996,1,-1.321368044408066,1.0902639336867452,0.3465676345288292
1971-04-01,-0.10704033320777555,1.3000000000000007,1,-1.4395993069039617,1.2255186404884104,0.47326661847397766
1971-05-01,-0.07926057935007572,1.1000000000000005,1,-1.6115230503412905,1.453001891641139,0.6213682117860577
1971-06-01,-0.05875331099751378,1.0,1,-1.6276858710821178,1.5101792490870902,0.6477034779327875
1971-07-01,-0.03710367155751529,1.0,1,-1.7063089458824967,1.6321016027674662,0.7446575114430801
1971-08-01,-0.0029906074247096183,1.0,1,-1.6989840105507363,1.693002795701317,0.8489154331525995
1971-09-01,0.04536712609848907,0.5999999999999996,1,-1.6370394853692707,1.727773737566249,0.9604404721453644
1971-10-01,0.11656062877370096,0.2999999999999998,1,-1.6626370946250213,1.895758352172423,1.079067434633176
1971-11-01,0.1245745738206194,0.09999999999999964,1,-2.3287568058498604,2.5779059534910993,1.7464737768106855
1971-12-01,0.3240385774061349,-0.09999999999999964,1,-2.3278482838521732,2.9759254386644427,2.0723431439316684
1972-01-01,0.45588565144861004,-0.10000000000000053,1,-1.441697079615462,2.3534683825126823,1.340156576416094
1972-02-01,0.2999963753300862,-0.20000000000000018,1,-1.1626982657496956,1.7626910164098681,1.0875328394462098
1972-03-01,0.2621930382875314,-0.20000000000000018,1,-0.9912393271836389,1.5156254037587016,1.023906261913051
1972-04-01,0.2716602309864365,-0.20000000000000018,1,-1.0608987427097496,1.6042192046826225,0.810669138240423
1972-05-01,0.24374510070492608,-0.20000000000000018,1,-1.2885173702862887,1.7760075716961408,0.683849266049234
1972-06-01,0.18309955716259282,-0.20000000000000018,1,-1.3858330029220112,1.7520321172471969,0.6261149018128772
1972-07-01,0.169075081617084,-0.40000000000000036,1,-1.5001301927078974,1.8382803559420655,0.6314396267675143
1972-08-01,0.21170043544867592,-0.5,1,-1.4842929676773506,1.9076938385747026,0.636615752628267
1972-09-01,0.17512655129464344,-0.5,1,-1.5072800601731164,1.8575331627624032,0.3984503566062096
1972-10-01,0.15009408760478143,-0.20000000000000018,1,-1.6291036357939408,1.9292918110035036,0.23256120651623613
1972-11-01,0.09078181350597729,-0.7000000000000002,1,-2.3625495661645024,2.5441131931764573,0.12496041437063451
1972-12-01,0.08654086318759414,-0.7999999999999998,1,-2.565345998070714,2.738427724445902,0.0177299315352897
1973-01-01,0.045774578533538474,-0.8999999999999995,1,-1.8518081525305337,1.9433573095976104,0.01690113208790462
1973-02-01,0.05886710035953768,-0.7000000000000002,1,-1.4038275407202443,1.5215617414393194,-0.03751268405096726
1973-03-01,0.03930574754592846,-0.8999999999999995,1,-1.214126617925242,1.2927381130170987,-0.03867714201392737
1973-04-01,0.0354138678176645,-0.7000000000000002,1,-1.2971451058785215,1.3679728415138506,-0.03982503332558009
1973-05-01,0.025719711267275024,-0.7999999999999998,1,-1.5065427597239396,1.5579821822584898,-0.0409567089273372
1973-06-01,0.042614715321608626,-0.7999999999999998,1,-1.5263178447629955,1.6115472754062126,-0.04207250992068515
1973-07-01,0.03449973877936815,-0.7999999999999998,1,-1.6347055355456133,1.7037050131043496,-0.1511196083994162
1973-08-01,0.015099008627379638,-0.7999999999999998,1,-1.680894394498647,1.7110924117534063,-0.2080252049782316
1973-09-01,-0.017811174827755575,-0.7000000000000002,1,-1.7002177862955155,1.6645954366400042,-0.21044637291088217
1973-10-01,-0.01553516177625355,-1.0,1,-1.7947328851749758,1.7636625616224686,-0.04877596076271174
1973-11-01,0.019660246447140747,-0.5,1,-2.433671133223339,2.472991626117621,-0.3201636925324102
1973-12-01,-0.05630345171477923,-0.2999999999999998,1,-2.708190312973087,2.595583409543529,-0.38107798950781685
1974-01-01,-0.06401592052706516,0.1999999999999993,1,-1.9615986515911372,1.8335668105370069,-0.4442571562015661
1974-02-01,-0.0733353641579005,0.20000000000000018,1,-1.5360300052376823,1.3893592769218814,-0.33187581243904285
1974-03-01,-0.07620995163414802,0.1999999999999993,1,-1.3296423171053184,1.1772224138370222,-0.45112019214789295
1974-04-01,-0.08225741999242361,0.09999999999999964,1,-1.0929265582328467,0.9284117182479995,-0.33854449298688505
1974-05-01,-0.07436275235102309,0.1999999999999993,1,-0.9582120184002573,0.8094865136982111,-0.39937043744783945
1974-06-01,-0.08330395874872054,0.5,1,-0.9094188605615979,0.7428109430641568,-0.403389506769491
1974-07-01,-0.09709203744201227,0.7000000000000002,1,-1.1285316642095269,0.9343475893255023,-0.4073294052164931
1974-08-01,-0.08873451763532085,0.7000000000000002,1,-1.225350270263588,1.047881234992946,-0.41119242700803404
1974-09-01,-0.1049389385553544,1.1000000000000005,1,-1.003389295161564,0.7935114180508552,-0.35661794884599524
1974-10-01,-0.09087715404587104,1.4000000000000004,1,-1.0421011932831594,0.8603468851914172,-0.536019858857564
1974-11-01,-0.12872934493542657,1.7999999999999998,1,-1.7752031217461124,1.5177444318752593,-0.246710205576969
1974-12-01,-0.1015966626110468,2.3,1,-2.2739398065427148,2.0707464813206213,-0.13944771532261913
1975-01-01,-0.04439259442384814,3.0,1,-1.4845491708399428,1.3957639819922465,0.12498144490903577
1975-02-01,0.0042893526476515086,2.8999999999999995,1,-1.2832434867985585,1.2918221920938615,0.12545546440844255
1975-03-01,0.0035978792290614634,3.5,1,-1.2203083826839898,1.2275041411421126,0.12592353154989824
1975-04-01,-0.003060551414480946,3.700000000000001,1,-1.0137296896549042,1.0076085868259421,0.07345483333239185
1975-05-01,-0.0173902148297151,3.9000000000000004,1,-0.9012394808789493,0.866459051219519,0.12637069753310454
1975-06-01,0.0025181722887321575,3.4000000000000004,1,-0.9008713344807588,0.9059076790582232,0.28681832855818706
1975-07-01,0.03633016324423975,3.0999999999999996,1,-1.0709992419722536,1.143659568460733,0.3988903035645862
1975-08-01,0.10379015002264098,2.9000000000000004,1,-1.032825602605626,1.240405902650908,0.4016323539548357
1975-09-01,0.08878397141716306,2.5,1,-1.3678339774288328,1.5454019202631588,0.6379001778173167
1975-10-01,0.1665512358176212,2.4000000000000004,1,-1.769468623039943,2.1025710946751857,0.8384660747294939
1975-11-01,0.21476876724280106,1.700000000000001,1,-1.8319414383341677,2.26147897281977,1.140949618715792
1975-12-01,0.3202615602029163,0.9999999999999991,1,-2.1191861551197024,2.7597092755255352,1.5961423276172204
1976-01-01,0.4411728390170125,-0.1999999999999993,1,-2.4338457160739515,3.316191394107977,2.422730728737684
1976-02-01,0.681799494540106,-0.39999999999999947,1,-2.092745041051451,3.456344030131663,2.3214240087588833
1976-03-01,0.7190236099874627,-1.0,1,-2.655052858462639,4.093100078437565,3.2274381333340973
1976-04-01,0.9476916392528595,-1.1000000000000005,1,-2.67885352741475,4.574236805920469,3.6016665692547876
1976-05-01,1.2249213722891306,-1.5999999999999996,1,-2.5487079301777653,4.998550674756026,3.984763964387248
1976-06-01,1.5555970332496125,-1.200000000000001,1,-1.5575846381922007,4.668778704691426,3.1038757033924207
1976-07-01,1.1850018265443738,-0.7999999999999998,1,-1.5161078698910397,3.886111522979787,2.6991953827529667
1976-08-01,1.2331548171172415,-0.6000000000000005,1,-1.265212828927923,3.731522463162406,2.4681753480382276
1976-09-01,1.1034524841576985,-0.8000000000000007,1,-0.758647338024985,2.965552306340382,2.03768834617967
1976-10-01,0.8910031996444622,-0.7000000000000002,1,-1.0450166592131023,2.8270230585020264,1.9498705742124471
1976-11-01,0.9321180649195165,-0.5000000000000009,1,-1.1145921406574524,2.9788282704964852,1.3211876835195995
1976-12-01,0.6991929741174558,-0.39999999999999947,1,-1.740254741205163,3.1386406894400745,0.7901399649955558
1977-01-01,0.42598535068400256,-0.40000000000000036,1,-2.4490332044069616,3.3010039057749667,-0.013413168802239497
1977-02-01,0.14013072080148165,-0.10000000000000053,1,-2.6344138147900753,2.9146752563930387,-0.1453756402607415
1977-03-01,0.10470909915763969,-0.1999999999999993,1,-4.122729034176457,4.332147232491737,-0.5508667570128157
1977-04-01,-0.08692706126880756,-0.5,1,-4.7885936305235965,4.6147395079859805,-0.6267534856813533
1977-05-01,-0.11536764492841343,-0.40000000000000036,1,-5.700131609315662,5.469396319458834,-1.0053201541786774
1977-06-01,-0.29318821376000825,-0.39999999999999947,1,-4.59706391715243,4.010687489632413,-0.7041486318491309
1977-07-01,-0.17212870176865647,-0.8999999999999995,1,-3.671324084521623,3.32706668098431,-0.4237505929535358
1977-08-01,-0.0547754995547918,-0.7999999999999998,1,-3.12295084759302,3.013399848483436,-0.2910932093670908
1977-09-01,0.006430929637773457,-0.7999999999999998,1,-2.8312574165418973,2.844119275817444,-0.427721385839259
1977-10-01,-0.09802359463597658,-0.9000000000000004,1,-2.7478941688484237,2.551846979576471,-0.3625525920366543
1977-11-01,-0.0778004338968024,-1.0,1,-2.124510639473771,1.9689097716801665,-0.23095033434292714
1977-12-01,-0.005773282137710158,-1.3999999999999995,1,-2.445220997460329,2.4336744331849087,-0.16672950625195554
1978-01-01,0.020273456989724065,-1.0999999999999996,1,-2.85474509810124,2.8952920120806884,-0.1680821908273356
1978-02-01,0.04168531018477096,-1.2999999999999998,1,-2.732859225406786,2.816229845776328,0.025675820234926934
1978-03-01,0.08432358500266295,-1.1000000000000005,1,-4.143114548331434,4.31176171833676,-0.039341863976252375
1978-04-01,0.04711040391458106,-1.1000000000000005,1,-4.654556165340208,4.748776973169369,-0.23476094623557253
1978-05-01,0.010004343886046606,-1.0,1,-5.574759620501202,5.594768308273294,-0.17079186029792193
1978-06-01,0.021054994670087337,-1.2999999999999998,1,-4.282820708722334,4.324930698062508,-0.17208469731781342
1978-07-01,0.0030699580174477067,-0.7000000000000002,1,-3.496125424735519,3.502265340770414,-0.5037133957527603
1978-08-01,-0.06390151703407991,-1.0999999999999996,1,-3.132076865072308,3.004273831004148,-0.43866166384398325
1978-09-01,-0.11654468606506757,-0.7999999999999998,1,-2.9542330322447383,2.721143660114603,-0.44132855751238287
1978-10-01,-0.08160419496153773,-1.0,1,-2.731474769173985,2.5682663792509097,-0.5120031183598548
1978-11-01,-0.14361613486385388,-0.8999999999999995,1,-1.9648038183834542,1.6775715486557465,-0.584121121404733
1978-12-01,-0.15955030183612268,-0.40000000000000036,1,-1.3928207955841665,1.0737201919119213,-0.872737092149085
1979-01-01,-0.2543002014696396,-0.5,1,-2.877030930207323,2.3684305272680435,-0.6591249571817787
1979-02-01,-0.21077852355010032,-0.39999999999999947,1,-2.9322025323089833,2.5106454852087823,-0.8062379032947151
1979-03-01,-0.27349203745199696,-0.5,1,-4.500930170786094,3.9539460958820998,-0.6666638917833119
1979-04-01,-0.19679749052375536,-0.2999999999999998,1,-4.898464059778544,4.5048690787310335,-0.6705203341087238
1979-05-01,-0.2208635570399458,-0.40000000000000036,1,-5.805627521427194,5.363900407347302,-0.6037169541907813
1979-06-01,-0.18602742394168745,-0.20000000000000018,1,-4.489903127334109,4.117848279450734,-0.81986948566891
1979-07-01,-0.2847697944820675,-0.5,1,-3.783965177235034,3.214425588270899,-0.400084446577759
1979-08-01,-0.12069738792936537,0.09999999999999964,1,-3.1888727359675935,2.9474779601088628,-0.6733693320460892
1979-09-01,-0.2541215891039159,-0.09999999999999964,1,-3.0918099352835866,2.583566757075755,-0.469439328502953
1979-10-01,-0.1490722237863372,0.20000000000000018,1,-2.7989427979987846,2.50079835042611,-0.6074994199855365
1979-11-01,-0.21411328287155795,0.0,1,-2.0353009663911585,1.6070744006480424,-0.5416951874291074
1979-12-01,-0.17685648748096885,0.0,1,-1.4101269812290127,1.056414006267075,-0.20983446478191084
1980-01-01,-0.05028604856678487,0.39999999999999947,1,-0.982203857739449,0.8816317606058792,-0.27577368437024824
1980-02-01,-0.09706257086675815,0.39999999999999947,1,-1.4227383911016849,1.2286132493681687,-0.21180336694481539
1980-03-01,-0.03585107378374674,0.5,1,-1.0965092098074949,1.0248070622400014,-0.27770717578307574
1980-04-01,-0.04414776385480436,1.1000000000000005,1,-0.9093868176192323,0.8210912899096237,-0.14892722478260972
1980-05-01,-0.0714723258300877,1.9000000000000004,1,-0.9006804655321657,0.7577358138719904,-0.21418727890065037
1980-06-01,-0.03840264877778162,1.8999999999999995,1,-1.166317951459968,1.0895126539044049,-0.08601961100760103
1980-07-01,-0.008245491069881218,2.0999999999999996,1,-0.4844948981163449,0.4680039159765825,-0.27957126418648964
1980-08-01,-0.0736948187200282,1.7000000000000002,1,-0.847064150766117,0.6996745133260607,0.10381358004529584
1980-09-01,0.06025357739898798,1.5999999999999996,1,-0.31202503676175286,0.4325321915597288,-0.022788787598501684
1980-10-01,0.007045930771386869,1.5,1,-0.8004534892141498,0.8145453507569235,0.16643839393626594
1980-11-01,0.07179387424446958,1.5999999999999996,1,-0.6972557914126033,0.8408435399015425,0.040307112339437914
1980-12-01,0.03350210306203375,1.2000000000000002,1,-1.1997683906860102,1.2667725968100776,0.04013846889916227
1981-01-01,0.013785544369579879,1.2000000000000002,1,-0.9181322648030842,0.945703353542244,0.29188091761815016
1981-02-01,0.1359817067652083,1.1000000000000005,1,-1.1896941134697185,1.461657527000135,0.29237888988798255
1981-03-01,0.14006212514964675,1.1000000000000005,1,-0.9205960108741014,1.200720261173395,0.3563813757622243
1981-04-01,0.14604443321400654,0.2999999999999998,1,-1.1028827915686037,1.3949716579966167,0.7445931223333552
1981-05-01,0.2886068882255729,0.0,1,-1.825580390675078,2.4027941671262236,1.3071640062832424
1981-06-01,0.5060943533209133,-0.09999999999999964,1,-1.4799252576866873,2.4921139643285137,1.3159215582018327
1981-07-01,0.5018375602655663,-0.5999999999999996,1,-1.8777337039209232,2.8814088244520555,1.4817069762803952
1981-08-01,0.622746962177265,-0.2999999999999998,1,-0.9734394577774392,2.2189333821319694,1.1776111847983968
1981-09-01,0.4444012010163307,0.09999999999999964,1,-1.1783875865821707,2.067189988614832,1.1101154588311595
1981-10-01,0.4270466487650056,0.40000000000000036,1,-0.9065149572987286,1.7606082548287396,1.0429754917106895
1981-11-01,0.43438823937619103,0.8000000000000007,1,-1.1253046482843707,1.9940811270367529,1.1196676259008798
1981-12-01,0.45089140697857094,1.2999999999999998,1,-0.708970124122267,1.610752938079409,0.8394127357012757
1982-01-01,0.3767376608452716,1.0999999999999996,1,-0.5313814215365784,1.2848567432271216,0.8421357209923085
1982-02-01,0.3534591199323981,1.5,1,-0.4541619901796199,1.161080230044416,0.7766431154320473
1982-03-01,0.3227514053265936,1.5999999999999996,1,-0.4549557704564822,1.1004585811096694,0.7788547818737516
1982-04-01,0.34540094669539295,2.1000000000000005,1,-0.9035262780872173,1.594328171478003,0.2569504272333261
1982-05-01,0.15701015567410698,1.9000000000000004,1,-1.9571771232265438,2.271197434574758,0.06894954732504402
1982-06-01,0.0991690929084799,2.0999999999999996,1,-1.8868505180991206,2.0851887039160806,0.006046477516718653
1982-07-01,0.07992319306547321,2.6000000000000005,1,-2.299648071121016,2.459494457251963,-0.3091059777354679
1982-08-01,-0.027537620542408003,2.4000000000000004,1,-1.6237240404971123,1.5686487994122962,-0.11990923895452708
1982-09-01,0.04665248970359118,2.5,1,-1.5761362978949103,1.6694412773020926,0.12866538199369582
1982-10-01,0.11014190625641125,2.5,1,-1.2234196998073228,1.4437035123201454,0.31443425796545504
1982-11-01,0.19714037628860484,2.5,1,-1.362552511371957,1.7568332639491666,0.5649161978993591
1982-12-01,0.25618443677402586,2.3000000000000007,1,-0.9036770943268122,1.4160459678748638,0.888892359097278
1983-01-01,0.41347280765818195,1.8000000000000007,1,-0.49464627472366807,1.321591890040032,0.7590413266069531
1983-02-01,0.3339532566792579,1.5,1,-0.4736678534327601,1.1415743667912759,1.0271371354331753
1983-03-01,0.46022240498932443,1.3000000000000007,1,-0.36092281313692365,1.2813676231155724,1.1009340884102317
1983-04-01,0.5111042809701215,0.8999999999999986,1,-1.3319452917965529,2.354153853736796,1.4680069137106153
1983-05-01,0.616337098909855,0.6999999999999993,1,-1.4978501799907957,2.730524377810506,1.3246679963484562
1983-06-01,0.5454611579962365,0.5,1,-1.5484923644870445,2.6394146804795175,1.4823045365160217
1983-07-01,0.6571888048984385,-0.40000000000000036,1,-2.2519171728370297,3.566294782633907,1.8924979778847164
1983-08-01,0.8024719007678124,-0.3000000000000007,1,-1.717437338186715,3.32238113972234,1.7362163623914024
1983-09-01,0.7733583160418144,-0.9000000000000004,1,-1.5979763019644895,3.1446929340481184,1.8308150704690778
1983-10-01,0.7937817663803088,-1.5999999999999996,1,-1.391783975654236,2.979347508414854,1.8428057431172131
1983-11-01,0.8076407009730615,-2.3000000000000007,1,-1.1274431011275794,2.7427245030737026,1.8543771430479397
1983-12-01,0.8134505166166714,-2.5,1,-0.5976571242860513,2.224558157519394,1.6982418334831295
1984-01-01,0.397072271533425,-2.4000000000000004,5,-1.0500846249974456,1.8442291680642955,-0.246027474800815
1984-02-01,0.279306683547153,-2.6000000000000005,5,-1.2596316184546006,1.8182449855489065,-0.34616720565848186
1984-03-01,0.24320522224766378,-2.500000000000001,5,-1.3453618474817697,1.8317722919770971,-0.2531543725868439
1984-04-01,0.2180487851792448,-2.499999999999999,5,-2.3420303207318582,2.7781278910903477,-0.331977287838405
1984-05-01,0.1930530145490893,-2.6999999999999993,5,-2.278366148600037,2.6644721776982156,-0.254899880126875
1984-06-01,0.18726019769546892,-2.8999999999999995,5,-2.259560505984684,2.634080901375622,-0.1754485407271666
1984-07-01,0.20123407128299114,-1.9000000000000004,5,-2.884310643578959,3.286778786144941,-0.6507117837303515
1984-08-01,0.1008857252439361,-2.0,5,-2.360240928007273,2.5620123784951447,-0.34088774486271106
1984-09-01,0.08969004745294305,-1.8999999999999995,5,-2.0577094054696237,2.2370895003755096,-0.4155898874263475
1984-10-01,0.08564109940748815,-1.4000000000000004,5,-1.9359727532385025,2.107254952053479,-0.7570063220693557
1984-11-01,-0.010437580533024985,-1.2999999999999998,5,-2.5820867400440846,2.561211578978035,-0.920044255849743
1984-12-01,-0.07781241515931812,-1.0000000000000009,5,-2.7219732688627225,2.566348438544086,-0.6571586673518564
1985-01-01,-0.06884594816803628,-0.7000000000000002,5,-2.2228184733672216,2.0851265770311493,-0.0643538034254667
1985-02-01,-0.023556315531506132,-0.5999999999999996,5,-2.277389109873025,2.230276478810013,0.04370672822761554
1985-03-01,0.032068054031983755,-0.5999999999999996,5,-2.2147775733811734,2.2789136814451405,0.23567231517382448
1985-04-01,0.025351404521880967,-0.40000000000000036,5,-2.534727701389222,2.585430510432984,0.2790728523084181
1985-05-01,0.032784517353114974,-0.20000000000000018,5,-2.4386346457960113,2.504203680502241,0.004898410548412835
1985-06-01,-0.061768346975965054,0.20000000000000018,5,-2.786319806248798,2.662783112296868,-0.21800249358713297
1985-07-01,-0.22889871488130806,-0.09999999999999964,5,-3.314443429743258,2.856645999980642,0.7916143744852789
1985-08-01,0.02012106041254996,-0.40000000000000036,5,-2.4410055928386587,2.481247713663759,0.6816075640708245
1985-09-01,0.06456618338608597,-0.20000000000000018,5,-2.0828332695364806,2.2119656363086526,0.43755217361052956
1985-10-01,0.008119339940370032,-0.3000000000000007,5,-2.0134945127056207,2.0297331925863604,0.7371359467256017
1985-11-01,0.08728826962416791,-0.20000000000000018,5,-2.484360889886892,2.6589374291352277,0.5403100608740545
1985-12-01,0.06434350570657014,-0.2999999999999998,5,-2.5798173479968343,2.7085043594099742,0.5821567491618226
1986-01-01,0.06764336992231774,-0.5999999999999996,5,-2.086329155276868,2.221615895121503,0.6428674520193075
1986-02-01,0.09865999662006474,0.0,5,-2.155172797721454,2.3524927909615836,0.47596416818139703
1986-03-01,0.0888423351310259,0.0,5,-2.158003292282131,2.335687962544183,0.28557776798276047
1986-04-01,0.06075906759922783,-0.20000000000000018,5,-2.1072636445623663,2.2287817797608223,0.30189424850229246
1986-05-01,0.07487804908097068,0.0,5,-2.3702220707921535,2.519978168954095,0.36995262444806387
1986-06-01,0.09372924010328908,-0.20000000000000018,5,-2.630822219169544,2.818280699376122,0.5705639199280487
1986-07-01,0.14159430135269052,-0.40000000000000036,5,-1.1076939149169582,1.3908825176223394,0.20305475341066626
1986-08-01,0.10478226599523273,-0.1999999999999993,5,-1.5543299891420563,1.7638945211325217,-0.19625130945468905
1986-09-01,0.02460778956787892,-0.09999999999999964,5,-1.459802323005773,1.5090179021415309,-0.02012130919877865
1986-10-01,0.025070584002536336,-0.09999999999999964,5,-1.90182846920091,1.9519696372059825,-0.029110581197585646
1986-11-01,0.027430827873088544,-0.09999999999999964,5,-2.544218331637971,2.5990799873841484,0.08647981110798156
1986-12-01,0.04336668153512912,-0.40000000000000036,5,-2.6007941721682752,2.6875275352385333,0.04760490768907146
1987-01-01,-0.018326374815562867,-0.10000000000000053,4,-2.582412083651385,2.54575933402026,-0.26440202200199003
1987-02-01,-0.13232566344785346,-0.6000000000000005,4,-2.7857218460994275,2.521070519203721,0.20491901409521468
1987-03-01,0.005934421737485879,-0.6000000000000005,4,-2.626686157308223,2.6385550007831946,0.26769437805532814
1987-04-01,0.09620152622185325,-0.7999999999999998,4,-2.414031186163241,2.6064342386069477,-0.021134066281934656
1987-05-01,0.04234944665931846,-0.9000000000000004,4,-2.6560077446653674,2.7407066379840046,0.05144400801249177
1987-06-01,-0.008555088381652988,-1.0,4,-2.9354986132064735,2.9183884364431676,-0.04226042741067077
1987-07-01,0.009809308582437856,-0.9000000000000004,4,-1.4259217705092393,1.4455403876741149,-0.20375024510873951
1987-08-01,-0.10056192674111503,-0.9000000000000004,4,-1.8570303685500833,1.6559065150678531,-0.014841635041122313
1987-09-01,-0.05147253436689209,-1.0999999999999996,4,-1.6113891330730201,1.508444064339236,0.12976400280525277
1987-10-01,-0.03139270764865429,-1.0,4,-0.7096218605877583,0.6468364452904497,0.08876847543729637
1987-11-01,0.023217948658164917,-1.1000000000000005,4,-0.32598458456636853,0.37242048188269833,0.02934864500993684
1987-12-01,0.008693192616803482,-0.8999999999999995,4,-0.46367215620483826,0.4810585414384452,-0.19626346118273635
1988-01-01,-0.07212475194147819,-0.8999999999999995,4,-0.9375310506441782,0.7932815467612219,0.03510034926193149
1988-02-01,-0.048324586602297666,-0.8999999999999995,4,-0.8532436006975128,0.7565944274929175,-0.244866478363925
1988-03-01,-0.10913212010010363,-0.8999999999999995,4,-0.9768264981554323,0.758562257955225,-0.2629874361590636
1988-04-01,-0.15383546704041953,-0.8999999999999995,4,-0.9327014007584846,0.6250304666776456,-0.2938594613455343
1988-05-01,-0.2029996866983427,-0.7000000000000002,4,-1.154443694710835,0.7484443213141495,-0.2823266907956098
1988-06-01,-0.23127608252591136,-0.7999999999999998,4,-1.1890156551152407,0.7264634900634178,-0.28739449354459545
1988-07-01,-0.25527974512010565,-0.6999999999999993,4,-0.9515295000113665,0.4409700097711552,-0.15061547362180822
1988-08-01,-0.22824088944814652,-0.40000000000000036,4,-1.1133992544070246,0.6569174755107314,-0.11461749920408769
1988-09-01,-0.22916316471704287,-0.5,4,-1.4589271675222952,1.0006008380882094,-0.28260502769769624
1988-10-01,-0.23026526063378241,-0.5999999999999996,4,-1.3190337360710789,0.858503214803514,-0.21383817543627787
1988-11-01,-0.27954451203692876,-0.5,4,-1.4088931570468661,0.8498041329730087,-0.23401629592435577
1988-12-01,-0.3081417945796935,-0.40000000000000036,4,-1.0118783333969565,0.3955947442375697,-0.08689506786561466
1989-01-01,-0.23630486793421915,-0.2999999999999998,4,-1.1714052171961502,0.6987954813277119,-0.08662484438951024
1989-02-01,-0.20642868845822238,-0.5,4,-1.0113477025534374,0.5984903256369928,-0.13986985166032997
1989-03-01,-0.21616382204618897,-0.7000000000000002,4,-1.0838582001015176,0.6515305560091397,-0.17304893428975632
1989-04-01,-0.2503338670363284,-0.20000000000000018,4,-1.0291998007543934,0.5285320666817368,-0.17627533902082904
1989-05-01,-0.2512342898543221,-0.39999999999999947,4,-1.2026782978668142,0.7002097181581701,-0.03227597664187751
1989-06-01,-0.18472863575712312,-0.10000000000000053,4,-1.1424682083464524,0.773010936832206,-0.12152505972195088
1989-07-01,-0.20698374274294704,-0.20000000000000018,4,-0.9032334976342079,0.4892660121483138,-0.10810917076587268
1989-08-01,-0.20055519418096573,-0.39999999999999947,4,-1.0857135591398437,0.6846031707779123,0.10440637712656568
1989-09-01,-0.10847941216566959,-0.10000000000000053,4,-1.338243414970922,1.1212845906395827,-0.005998300945747012
1989-10-01,-0.10307560228804799,-0.10000000000000053,4,-1.1918440777253443,0.9856928731492484,-0.18383076791084033
1989-11-01,-0.17338482188088017,0.10000000000000053,4,-1.3027334668908177,0.9559638231290573,-0.1183129868182008
1989-12-01,-0.19568657839744358,0.10000000000000053,4,-0.8994231172147067,0.5080499604198196,-0.008481028051313653
1990-01-01,-0.10550861202365175,0.0,4,-1.0406089612855827,0.8295917372382793,0.03899547541731489
1990-02-01,-0.08343848733345356,0.09999999999999964,4,-0.8883575014286688,0.7214805267617616,-0.15866433490587795
1990-03-01,-0.14430143406045923,0.20000000000000018,4,-1.011995812115788,0.7233929439948694,-0.3380606852124973
1990-04-01,-0.2446467143671213,0.20000000000000018,4,-1.0235126480851864,0.5342192193509439,0.07996369123603926
1990-05-01,-0.11820350177226713,0.20000000000000018,4,-1.0696475097847593,0.833240506240225,-0.004353080256317344
1990-06-01,-0.08803942481399224,-0.09999999999999964,4,-1.0457789974033214,0.869700147775337,0.0965543633913478
1990-07-01,-0.04764880888340319,0.2999999999999998,4,-0.743898563774664,0.6486009460078577,-0.003938993281980771
1990-08-01,-0.07042532559218011,0.5,4,-0.9555836905510581,0.8147330393666979,-0.20360777903038935
1990-09-01,-0.10096747138300803,0.6000000000000005,4,-1.3307314741882603,1.1287965314222443,0.00790059479169918
1990-10-01,-0.08451485225730403,0.6000000000000005,4,-1.1732833276946004,1.0042536231799923,0.06493762112311227
1990-11-01,-0.019200160052299978,0.7999999999999998,4,-1.1485488050622374,1.1101484849576375,0.14400685845617062
1990-12-01,0.01227478938279446,0.8999999999999995,4,-0.6914617494344687,0.7160113282000576,0.0887915826954917
1991-01-01,0.04294704161745478,1.0,4,-0.8921533076444762,0.9780473908793857,-0.0420046449503691
1991-02-01,-0.007748127550635433,1.2999999999999998,4,-0.66288164918671,0.647385394085439,0.00568609685811518
1991-03-01,0.007143841249242389,1.5999999999999996,4,-0.6298687225916935,0.6441564050901782,0.10075553753131383
1991-04-01,0.02983659205920509,1.2999999999999998,4,-0.5763039465952601,0.6359771307136702,0.0794702874226181
1991-05-01,0.04236368980360831,1.5,4,-0.37530961940078206,0.4600369990079987,0.03535980880757725
1991-06-01,0.03996402548055645,1.7000000000000002,4,-0.4726414809748479,0.5525695319359608,-0.18931329814933923
1991-07-01,-0.027826509942359794,1.2999999999999998,4,-0.5772110363205509,0.5215580164358313,0.10888245000491667
1991-08-01,0.01311628225168579,1.2000000000000002,4,-0.6904914967787036,0.7167240612820752,0.3175003996667526
1991-09-01,0.1499998893985133,1.0,4,-0.4420995158097881,0.7420992946068147,0.30059135786431945
1991-10-01,0.20072724960781788,1.0999999999999996,4,-0.3343351292690704,0.7357896284847061,0.1792542273128675
1991-11-01,0.209643512999227,0.7999999999999998,4,-0.44634962854460214,0.8656366545430562,0.26412043951063513
1991-12-01,0.19074255678907517,1.0,4,-0.6204658605154326,1.001950974093583,0.3117957945580023
1992-01-01,0.25848971248905384,0.8999999999999995,4,-0.7835149324613152,1.300494357439423,0.31980608401129856
1992-02-01,0.28233117911936756,0.8000000000000007,4,-1.0119827240225172,1.576645082261252,0.4769726690352582
1992-03-01,0.40122608691745715,0.6000000000000005,4,-1.0980183755512287,1.900470549386143,0.6450695339470467
1992-04-01,0.5188619905338907,0.7000000000000002,4,-0.701667722043491,1.7393917031112724,0.2955162327042211
1992-05-01,0.427789994864397,0.6999999999999993,4,-1.0368501963280257,1.8924301860568198,0.32834985786885307
1992-06-01,0.421348336245476,0.8999999999999995,4,-1.4679649619038635,2.3106616343948154,0.5286966535839137
1992-07-01,0.4843705994214428,0.9000000000000004,4,-0.7067469505736405,1.675488149416526,0.1968507709600368
1992-08-01,0.4420206628702182,0.6999999999999993,4,-0.4404789374630294,1.3245202632034658,0.05791905181731706
1992-09-01,0.30755285707824415,0.6999999999999993,4,-0.3918557850574364,1.0069614992139246,0.011801454724661854
1992-10-01,0.2518648464570299,0.2999999999999998,4,-0.6688809262301023,1.172610619144162,0.19967239435869177
1992-11-01,0.2852468914206066,0.40000000000000036,4,-0.37074625012322254,0.9412400329644357,0.05077243803400197
1992-12-01,0.229637281306702,0.10000000000000053,4,-0.5815711359978057,1.0408456986112098,0.21882425770568104
1993-01-01,0.2858989178682805,0.0,4,-0.7561057270820886,1.3279035628186495,0.21346009952994577
1993-02-01,0.2913020441522483,-0.3000000000000007,4,-1.0030118589896364,1.585615947294133,0.13194241486949698
1993-03-01,0.27128328069700397,-0.40000000000000036,4,-1.2279611817716818,1.7705277431656898,-0.005804310272726364
1993-04-01,0.16698214792736402,-0.3000000000000007,4,-1.0535475646500176,1.3875118605047458,0.12585558688086348
1993-05-01,0.2002984205318495,-0.5,4,-1.2643417706605733,1.6649386117242722,0.1979463119347935
1993-06-01,0.20565138689150692,-0.7999999999999998,4,-1.6836619112578326,2.0949646850408463,0.3470328504828593
1993-07-01,0.28201110188063067,-0.7999999999999998,4,-0.9091064481144526,1.4731286518757138,0.3234046252291091
1993-08-01,0.31283639145449427,-0.7999999999999998,4,-0.5696632088787533,1.1953359917877417,0.11827969249730394
1993-09-01,0.2725512089138356,-0.8999999999999995,4,-0.42685743322184494,0.9719598510495162,0.10159244329500491
1993-10-01,0.2422893677358762,-0.5,4,-0.678456404951256,1.1630351404230084,-0.12819925922299474
1993-11-01,0.13445787885757562,-0.8000000000000007,4,-0.5215352626862535,0.7904510204014048,-0.003371573451781883
1993-12-01,0.09702635572518527,-0.9000000000000004,4,-0.7141820615793225,0.908234773029693,-0.1049167876974563
1994-01-01,0.036844880044045965,-0.7000000000000002,4,-1.005159764906323,1.078849524994415,-0.13225525703376828
1994-02-01,0.03329107343843358,-0.5,4,-1.2610228297034511,1.3276049765803182,-0.2668586713596669
1994-03-01,-0.061928778538409876,-0.5,4,-1.5611732410070958,1.4373156839302759,-0.24902707096548188
1994-04-01,-0.13139538526819006,-0.6999999999999993,4,-1.3519250978455717,1.0891343273091918,-0.06772282711243008
1994-05-01,-0.11350625273478915,-1.0,4,-1.578146443927212,1.3511339384576335,-0.14392724379289787
1994-06-01,-0.08338399763135933,-0.9000000000000004,4,-1.9726972957806987,1.8059293005179802,-0.3677047281208182
1994-07-01,-0.17410129702982763,-0.8000000000000007,4,-1.365218847024911,1.0170162529652556,-0.30696239799149694
1994-08-01,-0.2601012137817642,-0.7999999999999998,4,-1.178380906279068,0.6581784787155396,-0.18862669655230013
1994-09-01,-0.23524763156879924,-0.7999999999999998,4,-1.2368400748638035,0.766344811726205,-0.21944072168063627
1994-10-01,-0.21904788043829043,-1.0,4,-1.1397936531254227,0.7016978922488417,0.0751530005732469
1994-11-01,-0.11278596397484235,-1.0,4,-0.9094143905230612,0.6838424625733766,-0.13530376425710364
1994-12-01,-0.1657855228555492,-1.0,4,-0.9608687351580933,0.6292976894469948,-0.3025864482050467
1995-01-01,-0.2548705168228031,-1.0,4,-0.835064432811504,0.32532339916589775,-0.12231624547471878
1995-02-01,-0.22573240903108255,-1.1999999999999993,4,-0.6576748239005803,0.20621000583841514,0.0831926679804487
1995-03-01,-0.10748261619293861,-1.0999999999999996,4,-0.5016783059202126,0.2867130735343354,0.02668158207618815
1995-04-01,-0.05543259429768043,-0.6000000000000005,4,-0.6877097671852497,0.5768445785898888,-0.21023301501304023
1995-05-01,-0.16273827680167452,-0.5,4,-1.0188110330087765,0.6933344794054276,-0.4525033894462917
1995-06-01,-0.2783788625981739,-0.5,4,-1.4254117130810329,0.8686539878846852,-0.30542791907699307
1995-07-01,-0.290068136326425,-0.39999999999999947,4,-1.413472761555534,0.833336488902684,-0.12341770379519201
1995-08-01,-0.229096363520005,-0.2999999999999998,4,-1.1473760560173087,0.6891833289772988,-0.1170276622925204
1995-09-01,-0.18861212663435376,-0.3000000000000007,4,-1.190204569929358,0.8129803166606505,-0.16351284733940838
1995-10-01,-0.23118813041172462,-0.2999999999999998,4,-1.3063411309849715,0.8439648701615222,-0.328886146469214
1995-11-01,-0.28758371457583853,0.0,4,-1.1522799503187349,0.5771125211670578,-0.32103944130234013
1995-12-01,-0.3544248298029072,0.09999999999999964,4,-1.1495080421054513,0.4406583824996369,-0.2645564885467921
1996-01-01,-0.29743827324500494,0.0,4,-1.175122027770286,0.5802454812802763,-0.23834403994243697
1996-02-01,-0.27520079264209,0.09999999999999964,4,-1.558393460622538,1.0079918753383579,-0.3930016109599395
1996-03-01,-0.35842108783598386,0.09999999999999964,4,-1.4851026699121717,0.7682604942402038,-0.31003987434002445
1996-04-01,-0.3673554982461121,-0.20000000000000018,4,-0.9996326711336814,0.26492167464145716,0.11012697731260414
1996-05-01,-0.207059137677882,0.0,4,-1.063131893884984,0.6490136185292201,0.15277635982183418
1996-06-01,-0.09216683599860119,-0.2999999999999998,4,-1.2391996864814603,1.0548660144842579,-0.01398093170177884
1996-07-01,-0.10367115526166965,-0.20000000000000018,4,-1.2270757804907786,1.0197334699674394,-0.04171450367090768
1996-08-01,-0.10810194561595442,-0.6000000000000005,4,-1.0263816381132582,0.8101777468813494,0.010292016496182495
1996-09-01,-0.10004199209300121,-0.39999999999999947,4,-1.1016344353880054,0.9015504512020031,-0.02415694962248138
1996-10-01,-0.08556115558761093,-0.2999999999999998,4,-1.1607141561608578,0.9895918449856359,-0.06705337883656959
1996-11-01,-0.08324499638463877,-0.1999999999999993,4,-0.9479412321275351,0.7814512393582576,0.13417022641078627
1996-12-01,-0.022291016120540956,-0.1999999999999993,4,-0.817374228423085,0.7727921961820031,0.1892032331359248
1997-01-01,0.03273043077737281,-0.2999999999999998,4,-0.8449533237479084,0.910414185302654,0.027812216513237595
1997-02-01,0.017822933416593863,-0.2999999999999998,4,-1.2653697345638542,1.3010156013970418,0.03516591464876064
1997-03-01,0.03103951934086386,-0.2999999999999998,4,-1.0956420627353238,1.1577211014170516,0.04393290944028383
1997-04-01,0.011432730412687631,-0.5,4,-0.6208444424748816,0.6437099033002569,-0.1841883397894135
1997-05-01,-0.05029685782233622,-0.6999999999999993,4,-0.9063696140294383,0.8057758983847659,-0.03950784665477985
1997-06-01,-0.041608229045529875,-0.2999999999999998,4,-0.573903500924712,0.4906870428336523,-0.1803978202208875
1997-07-01,-0.07891002262153132,-0.5999999999999996,4,-0.5719476246300351,0.4141275793869724,-0.10764432981570918
1997-08-01,-0.104369212954935,-0.2999999999999998,4,-0.7157425164026346,0.5070040904927647,-0.34302924744347135
1997-09-01,-0.17866661116528465,-0.2999999999999998,4,-0.7592258894846482,0.40189266715407895,-0.16698154947856853
1997-10-01,-0.19552448075087142,-0.5,4,-1.2706774813241182,0.8796285198223754,-0.007638515421836753
1997-11-01,-0.1217887809859498,-0.8000000000000007,4,-0.9864850167288461,0.7429074547569465,0.05641104588204404
1997-12-01,-0.02706476751498788,-0.7000000000000002,4,-0.7244783193099412,0.6703487842799655,-0.004688126080765181
1998-01-01,-0.038563098695681246,-0.7000000000000002,4,-0.9162468532209624,0.8391206558296,-0.11788792970114864
1998-02-01,-0.09239922130191944,-0.6000000000000005,4,-1.3755918892823673,1.1907934466785286,-0.12691554259041254
1998-03-01,-0.08840802327737912,-0.5,4,-1.215089605353567,1.0382735587988086,-0.09942448759183564
1998-04-01,-0.11629098179200656,-0.7999999999999998,4,-0.5060579667789669,0.2734760031949537,-0.22877649956288576
1998-05-01,-0.16631240090140315,-0.5,4,-0.8268045542466227,0.49417975244381634,-0.36309921375768284
1998-06-01,-0.25819960793758073,-0.5,4,-0.5442186762358017,0.027819460360640258,-0.013197798443564295
1998-07-01,-0.13128926823246634,-0.40000000000000036,4,-0.6236449384167568,0.36106640195182416,-0.1625939133252613
1998-08-01,-0.16586969555469722,-0.2999999999999998,4,-0.7761617120508802,0.4444223209414858,-0.02068445981840452
1998-09-01,-0.12075674177611447,-0.3000000000000007,4,-0.49659979215363254,0.25508630860140363,-0.006346249865139196
1998-10-01,-0.07696364452537181,-0.20000000000000018,4,-0.569325129103535,0.41539784005279146,-0.1904647843846906
1998-11-01,-0.11659758012032521,-0.1999999999999993,4,-0.9730086260023699,0.7398134657617196,-0.4394447487244498
1998-12-01,-0.25843295704220787,-0.2999999999999998,4,-0.9537448309614429,0.4368789168770271,-0.29894712103081444
1999-01-01,-0.30689702226086635,-0.2999999999999998,4,-0.8890090925597179,0.27521504803798524,-0.19423728389457784
1999-02-01,-0.24227792366348117,-0.1999999999999993,4,-0.7352795346234203,0.250723687296458,-0.11136418967875077
1999-03-01,-0.23283249439800288,-0.5,4,-0.642872368738027,0.1772073799420212,-0.05965071561339563
1999-04-01,-0.17121155959990933,0.0,4,-0.7424350600370233,0.4000119408372047,-0.307800446008335
1999-05-01,-0.21894749161342547,-0.20000000000000018,4,-0.879439644958645,0.441544661731794,-0.12248927859414252
1999-06-01,-0.18075326883555182,-0.20000000000000018,4,-0.6675554703919875,0.3060489327208839,-0.06781068218473212
1999-07-01,-0.16354364102702562,-0.20000000000000018,4,-0.6558993112113161,0.3288120291572649,-0.039702950254003555
1999-08-01,-0.14523866278007408,-0.2999999999999998,4,-0.7555306792762571,0.46505335371610895,-0.015010216443027729
1999-09-01,-0.11559949817993827,-0.39999999999999947,4,-0.49144254855745634,0.26024355219757983,-0.047537411980184324
1999-10-01,-0.08586773913971864,-0.40000000000000036,4,-0.5782292237178819,0.40649374543844463,-0.018548870831061742
1999-11-01,-0.07238897403665348,-0.3000000000000007,4,-0.9288000199186982,0.7840220718453913,-0.03697098176817147
1999-12-01,-0.08182469068895994,-0.40000000000000036,4,-0.7771365646081949,0.6134871832302751,-0.13514047046103336
2000-01-01,-0.08762380145300575,-0.2999999999999998,4,-0.6697358717518573,0.49448826884584585,-0.1446729496697918
2000-02-01,-0.14054539175640404,-0.3000000000000007,4,-0.6136298491659921,0.3325390656531839,-0.04732809936981457
2000-03-01,-0.10651859777949926,-0.20000000000000018,4,-0.5468678821661036,0.33383068660710513,-0.24983089157842858
2000-04-01,-0.14776956681073058,-0.5,4,-0.7189930672478446,0.4234539336263834,0.08594812628563546
2000-05-01,-0.07734035086456867,-0.20000000000000018,4,-0.7378325042097882,0.5831518024806508,-0.005811873802644819
2000-06-01,-0.04031748599227472,-0.2999999999999998,4,-0.5271196875487104,0.446484715564161,-0.09360576777652385
2000-07-01,-0.08185334532914822,-0.2999999999999998,4,-0.5742090155134387,0.41050232485514226,-0.10808728627058002
2000-08-01,-0.08581564659672661,-0.10000000000000053,4,-0.3708054301536987,0.19917413696024547,-0.15082599904414756
2000-09-01,-0.11674569261851718,-0.30000000000000027,4,-0.4692082806383323,0.23571689540129792,-0.21735636162823546
2000-10-01,-0.1759540012396364,-0.19999999999999973,4,-0.6683154858177996,0.31640748333852686,-0.18648805525478312
2000-11-01,-0.15634585456147193,-0.19999999999999973,4,-1.0127569004435166,0.7000651913205729,-0.07592377390791014
2000-12-01,-0.14165673708916515,-0.10000000000000009,4,-0.8369686110084001,0.5536551368300698,-0.13670402586263652
2001-01-01,-0.1450903612885798,0.20000000000000018,4,-0.7272024315874314,0.4370217090102718,-0.0904673384619565
2001-02-01,-0.14045650167302648,0.10000000000000053,4,-0.6135409590826144,0.3326279557365615,-0.08138597935397748
2001-03-01,-0.11739177640154687,0.2999999999999998,4,-0.5577410607881512,0.3229575079850575,-0.025397368811290698
2001-04-01,-0.10243276182902417,0.6000000000000005,4,-0.6883808881146596,0.48351536445661125,-0.25381088646878724
2001-05-01,-0.14037759267625366,0.2999999999999998,4,-0.33456571887360903,0.05381053352110171,-0.06022781023115421
2001-06-01,-0.14010604186100517,0.5,4,-0.6269082434174409,0.34669615969543055,-0.07348722909685328
2001-07-01,-0.13412307230396467,0.5999999999999996,4,-0.37152915897870376,0.10328301437077439,-0.11076732081899954
2001-08-01,-0.11881018228737318,0.8000000000000007,4,-0.40379996584434524,0.1661796012695989,0.014446946929431374
2001-09-01,-0.05571268453807771,1.1,4,-0.4081752725578928,0.2967499034817374,-0.118538043258675
2001-10-01,-0.08836573284968464,1.4,4,-0.46981686201862327,0.293085396319254,-0.09633573425600109
2001-11-01,-0.10454667843353875,1.6,4,-0.367575696665368,0.15848233979829046,-0.07362439527901847
2001-12-01,-0.10832851041484222,1.8000000000000003,4,-0.37318803995380917,0.15653101912412476,-0.0037011817211730948
2002-01-01,-0.06563507846749024,1.5,4,-0.3561024169294469,0.22483225999446643,0.1873355295488569
2002-02-01,0.005991611846941724,1.5,4,-0.2466802887832444,0.2586635124771279,0.07978808341515456
2002-03-01,0.03592872189450226,1.4000000000000004,4,-0.4044205624921021,0.4762780062811066,0.1271297913573401
2002-04-01,0.03787061574777304,1.5,4,-0.8159402707210147,0.8916815022165608,0.31491784701363185
2002-05-01,0.15106864570779813,1.5,4,-0.2091591645233559,0.5112964559389521,0.055500502023599685
2002-06-01,0.13131033927479005,1.2999999999999998,4,-0.44217688982206316,0.7047975683716433,0.09545128617242847
2002-07-01,0.09266920997500724,1.2000000000000002,4,-0.6180981108439919,0.8034365307940065,0.19772802717478605
2002-08-01,0.13109719723138016,0.7999999999999998,4,-0.6544558558391892,0.9166502503019495,0.3257529944273694
2002-09-01,0.22682908885702638,0.7000000000000002,4,-0.9917089544016486,1.4453671321157013,0.47769847837440105
2002-10-01,0.31926364872385216,0.40000000000000036,4,-1.1770720855321488,1.8155993829798533,0.6174913888500582
2002-11-01,0.40916323564244866,0.40000000000000036,4,-1.26446115963657,2.0827876309214672,0.6425027867294554
2002-12-01,0.5302571704138392,0.2999999999999998,4,-1.2734440113073342,2.3339583521350127,0.6576311915882362
2003-01-01,0.60085969816996,0.09999999999999964,4,-0.7118047722811832,1.913524168621103,0.324128555013228
2003-02-01,0.49901613332385014,0.20000000000000018,4,-0.9211957832609954,1.9192280499086956,0.2527442882445323
2003-03-01,0.4332831550069979,0.20000000000000018,4,-0.8395870536356623,1.706153363649658,0.24065061568356255
2003-04-01,0.35509105400168856,0.09999999999999964,4,-0.8299910989846797,1.5401732069880567,0.3751935627458365
2003-05-01,0.4448508267455009,0.2999999999999998,4,-0.9996486712308994,1.8893503247219012,0.40726012876382245
2003-06-01,0.46417844551960885,0.5,4,-0.7403702683079626,1.6687271593471804,0.2459054446068688
2003-07-01,0.42368788440648947,0.40000000000000036,4,-0.5785840884187246,1.4259598572317036,0.16749765896732033
2003-08-01,0.3500298763671238,0.39999999999999947,4,-0.43552317670344554,1.1355829294376931,-0.06511254265089583
2003-09-01,0.23014030573130337,0.39999999999999947,4,-0.9883977375273716,1.4486783489899784,-0.06203469004447609
2003-10-01,0.14899944942868973,0.2999999999999998,4,-1.3473362848273114,1.6453351836846908,-0.14639324637267145
2003-11-01,0.0806461910747888,-0.10000000000000053,4,-1.5929782042042298,1.7542705863538075,-0.04612586202782413
2003-12-01,0.08325284834875969,-0.2999999999999998,4,-1.7204483333724137,1.8869540300699332,-0.01823219947728619
2004-01-01,0.05836651080325787,-0.09999999999999964,4,-1.2542979596478854,1.371030981254401,-0.11365293981959226
2004-02-01,0.026638278160588703,-0.3000000000000007,4,-1.3935736384242567,1.4468501947454342,-0.006443873345263567
2004-03-01,0.028142309201528805,-0.10000000000000053,4,-1.2447278994411315,1.301012517844189,0.060243555164884804
2004-04-01,0.06164117614861307,-0.40000000000000036,4,-1.1234409768377551,1.2467233291349813,-0.009637290578506373
2004-05-01,0.045588210616308585,-0.5,4,-1.3989112873600917,1.490087708592709,0.12208495878078088
2004-06-01,0.06714818236346973,-0.7000000000000002,4,-1.1374005314641018,1.271696896191041,0.2853173432801175
2004-07-01,0.14810555293159042,-0.7000000000000002,4,-0.8541664198936236,1.1503775257568045,0.16569065902547203
2004-08-01,0.1552709446767192,-0.6999999999999993,4,-0.6302821083938501,0.9408239977472885,0.08592598742422189
2004-09-01,0.11339694978352206,-0.6999999999999993,4,-1.1051410934751529,1.331934993042197,0.08536660721405986
2004-10-01,0.08252400526541966,-0.5,4,-1.4138117289905814,1.5788597395214208,0.02920795343028947
2004-11-01,0.06802191316192337,-0.39999999999999947,4,-1.6056024821170953,1.741646308440942,-0.24960010015682055
2004-12-01,-0.015447203904689412,-0.2999999999999998,4,-1.8191483856258628,1.788253977816484,-0.347306210889026
2005-01-01,-0.1547530694457328,-0.40000000000000036,4,-1.467417539896876,1.1579114010054103,-0.07341248915884509
2005-02-01,-0.10195750557555515,-0.1999999999999993,4,-1.5221694221604005,1.3182544110092904,-0.11088688564800991
2005-03-01,-0.0713342253328922,-0.5999999999999996,4,-1.3442044339755523,1.201535983309768,0.011262936870747819
2005-04-01,-0.04480003470410758,-0.39999999999999947,4,-1.2298821876904757,1.1402821182822607,-0.18162291097474823
2005-05-01,-0.0934265954529283,-0.5,4,-1.5379260934293286,1.351072902523472,-0.26774057148354913
2005-06-01,-0.17526891359478716,-0.5999999999999996,4,-1.3798176274223586,1.0292798002327843,-0.3526357938765119
2005-07-01,-0.20525197476291163,-0.5,4,-1.2075239475881256,0.7970199980623025,-0.2754970643235306
2005-08-01,-0.2243317515107177,-0.5,4,-1.0102577389349388,0.5615942359135034,-0.20717182487235264
2005-09-01,-0.22326431117111797,-0.40000000000000036,4,-1.0086309183851772,0.5621022960429412,-0.17998015400758738
2005-10-01,-0.20889604655274438,-0.5,4,-0.7381039999830339,0.32031190687754507,-0.039000435110072174
2005-11-01,-0.1446977080029205,-0.40000000000000036,4,-0.3872004947323755,0.09780507872653452,0.022882773784875392
2005-12-01,-0.1019524328573505,-0.5,4,-0.4595836244455869,0.2556787587308859,0.0338053752120373
2006-01-01,-0.07214458326163853,-0.5999999999999996,4,-0.3987320941027938,0.25444292757951675,-0.09729781507719165
2006-02-01,-0.09719136280831377,-0.6000000000000005,4,-0.3907474894630509,0.19636476384642337,0.005582591186610262
2006-03-01,-0.05208106503618852,-0.5,4,-0.663344001906936,0.559181871834559,-0.2710118174704179
2006-04-01,-0.15009419186744016,-0.5,4,-0.5404569012889342,0.24026851755405382,-0.15686553021072114
2006-05-01,-0.16036757414963962,-0.5,4,-0.7824525329304205,0.4617173846311412,-0.15320137788053906
2006-06-01,-0.13467013239266265,-0.40000000000000036,4,-1.1199874756727803,0.850647210887455,-0.21965392224994057
2006-07-01,-0.17653568009556167,-0.2999999999999998,4,-1.042226339121034,0.6891549789299106,-0.1468216559504823
2006-08-01,-0.17533355460675218,-0.20000000000000018,4,-0.9612595420309733,0.610592432817469,-0.10956863621538818
2006-09-01,-0.17417057523285798,-0.5,4,-0.9595371824469171,0.6111960319812012,-0.05318014670981597
2006-10-01,-0.09780620027150859,-0.5999999999999996,4,-0.627014153701798,0.4314017531587809,-0.1423691021680797
2006-11-01,-0.14289406041575062,-0.5,4,-0.5657768342006264,0.2799887133691251,-0.09640895786816306
2006-12-01,-0.14060638179489263,-0.5,4,-0.6744117570069299,0.3931989934171447,-0.15787534880025703
2007-01-01,-0.15468197144320361,-0.10000000000000053,4,-0.6573841563660116,0.3480202134796043,-0.2393791749287169
2007-02-01,-0.20009466660285632,-0.2999999999999998,4,-0.8056772577894672,0.4054879245837545,-0.2232664844436874
2007-03-01,-0.2053199057087368,-0.2999999999999998,4,-0.8165828425794843,0.4059430311620107,-0.1116598943612172
2007-04-01,-0.1768677238122156,-0.20000000000000018,4,-0.5672304332337096,0.21349498560927838,-0.10193257603539982
2007-05-01,-0.14686555560437528,-0.1999999999999993,4,-0.7689505143851562,0.47521940317640554,-0.13033107749185613
2007-06-01,-0.15427672518912094,0.0,4,-1.1395940684692385,0.8310406180909967,-0.07437200684598921
2007-07-01,-0.11681763546338149,0.0,4,-0.9825082944888538,0.7488730235620907,-0.007997130561481255
2007-08-01,-0.10917848183865503,-0.10000000000000053,4,-0.8951044692628762,0.6767475055855661,0.030949856620476154
2007-09-01,-0.053219335730953846,0.20000000000000018,4,-0.838585942945013,0.7321472714831053,-0.2263148770412565
2007-10-01,-0.14137053231201516,0.2999999999999998,4,-0.6705784857423046,0.38783742111827435,-0.3287353916627038
2007-11-01,-0.2155732815811592,0.20000000000000018,4,-0.638456055366035,0.20730949220371656,-0.18706200035836007
2007-12-01,-0.19601502956959838,0.5999999999999996,4,-0.7298204047816357,0.3377903456424389,-0.12236864885804996
2008-01-01,-0.18785457922086732,0.40000000000000036,4,-0.6905567641436753,0.3148476057019406,0.14433495312916156
2008-02-01,-0.054671342923901585,0.40000000000000036,4,-0.6602539341105125,0.5509112482627092,-0.02421301203123832
2008-03-01,-0.06957116422095821,0.6999999999999993,4,-0.6808341010917057,0.5416917726497893,-0.1260362456971748
2008-04-01,-0.09175356244319932,0.5,4,-0.4348880322324782,0.25138090734607954,-0.05749783266972108
2008-05-01,-0.0817426082449677,1.0,4,-0.42854123036442865,0.26505601387449323,-0.03367594427271335
2008-06-01,-0.06327608060363962,1.0,4,-0.3106402867271274,0.18408812551984813,0.07887611589301949
2008-07-01,-0.0109534630866503,1.0999999999999996,4,-0.2354563987631197,0.2135494725898191,0.05806882828508834
2008-08-01,-0.009096145253219027,1.5,4,-0.30192432038086636,0.28373202987442836,-0.06539981430198483
2008-09-01,-0.042514993345182335,1.3999999999999995,4,-0.48933484663536636,0.4043048599450017,0.11949652253565873
2008-10-01,0.000970506619881613,1.7999999999999998,4,-0.627764885042822,0.6297058982825853,0.2059704749639698
2008-11-01,0.08100627933701535,2.0999999999999996,4,-0.3418764944478604,0.5038890531218911,0.06671251664953766
2008-12-01,0.08260868578399744,2.3,4,-0.6397599630740523,0.804977334642047,0.2809410581313575
2009-01-01,0.14260448800311598,2.8,4,-0.36009769691969196,0.6453066729259239,0.14114599763674057
2009-02-01,0.1570489719128029,3.4000000000000004,4,-0.44853361927380797,0.7626315630994137,0.0551854288774844
2009-03-01,0.1132714759772529,3.5999999999999996,4,-0.7127647697199213,0.939307721674427,0.26195976941548826
2009-04-01,0.1491621884595314,4.0,4,-0.4083356442101897,0.7066600211292524,0.14179684557548386
2009-05-01,0.15411472664304554,4.0,4,-0.8795612176296677,1.1877906709157589,0.42055038256764665
2009-06-01,0.2701761794018076,3.9000000000000004,4,-0.6509477047051729,1.191300063508788,0.4180353346722987
2009-07-01,0.30134288247894203,3.7,4,-0.7405882892359693,1.3432740541938535,0.3838066099972156
2009-08-01,0.34152745770490234,3.5,4,-1.2238723565970824,1.906927272006887,0.5986850200449867
2009-09-01,0.4293765510035834,3.700000000000001,4,-0.8511269264607573,1.709880028467924,0.48819871252384617
2009-10-01,0.46907159290661077,3.5,4,-1.1249579321294194,2.063101117942641,0.6657350403611144
2009-11-01,0.5737357720837626,3.1000000000000005,4,-1.4595517112666994,2.6070232554342248,0.861260048358635
2009-12-01,0.6734663337236075,2.6000000000000005,4,-1.345592608145035,2.69252527559225,0.9207909527202457
2010-01-01,0.7511876525646576,2.000000000000001,4,-1.9076663497986015,3.410041654927917,1.1872862246706581
2010-02-01,0.9745706519226013,1.5,4,-2.3702439191999147,4.319385223045117,1.6352231096634433
2010-03-01,1.2162389777539098,1.200000000000001,4,-2.1218012528306014,4.554279208338421,1.6205010487078955
2010-04-01,1.432199402546741,0.9000000000000004,4,-2.4260037518777753,5.290402556971257,1.7303652477593285
2010-05-01,1.6468461459306656,0.1999999999999993,4,-1.932603471501688,5.226295763363019,1.5409137629369696
2010-06-01,1.6565545356446627,-0.09999999999999964,4,-1.8254101296830392,5.138519200972365,1.2625484017100184
2010-07-01,1.574769898542109,-0.09999999999999964,4,-1.7414234914606754,4.890963288544894,0.9984259409789149
2010-08-01,1.4811735370140469,-0.09999999999999964,4,-1.4201414429409664,4.38248851696906,0.8727651850922234
2010-09-01,1.3208105732673765,-0.3000000000000007,4,-1.8909907142087783,4.532611860743531,1.2690700198663674
2010-10-01,1.41902790799542,-0.5999999999999996,4,-1.4152370516434658,4.253292867634306,1.210621962900121
2010-11-01,1.5014475238122815,-0.09999999999999964,4,-0.737292427829084,3.740187475453647,0.7737749573798693
2010-12-01,1.25944122975968,-0.5999999999999996,4,-0.7596177121089625,3.2785001716283224,0.3286165407639562
2011-01-01,0.9159367640660333,-0.7000000000000011,4,-1.7429172382972258,3.5747907664292926,-0.043316569758866684
2011-02-01,0.6632717813538487,-0.8000000000000007,4,-2.6815427897686672,4.008086352476365,-0.21942532759984254
2011-03-01,0.45974939653680225,-0.9000000000000004,4,-2.878290834047709,3.797789627121314,-0.1472365520982004
2011-04-01,0.32365323942066854,-0.8000000000000007,4,-3.534549915003848,4.181856393845185,-0.10655044504689241
2011-05-01,0.25451367089086735,-0.5999999999999996,4,-3.324935946541486,3.833963288323221,-0.5105851102859147
2011-06-01,0.05021626818454035,-0.3000000000000007,4,-3.4317483971431617,3.532180933512242,-0.5724848077131148
2011-07-01,-0.09172602131722662,-0.40000000000000036,4,-3.407919411320011,3.224467368685558,-0.2586535496742508
2011-08-01,-0.095568741098183,-0.5,4,-2.9968837210531962,2.8057462388568304,-0.02874812489599701
2011-09-01,-0.009094094654461503,-0.5,4,-3.220895382130616,3.2027071928216935,-0.14261425405134276
2011-10-01,-0.0316018106934775,-0.5999999999999996,4,-2.8658667703323633,2.8026631489454084,-0.3859339666267998
2011-11-01,-0.1525008579305864,-1.200000000000001,4,-2.391240809571952,2.086239093710779,0.11404442540447313
2011-12-01,-0.04454965973085988,-0.8000000000000007,4,-2.063608601599502,1.9745092821377825,-0.19286052661384684
2012-01-01,-0.09777840504533844,-0.7999999999999989,4,-2.7566324074085977,2.5610755973179207,-0.36357265464385324
2012-02-01,-0.21174889777934675,-0.6999999999999993,4,-3.556563468901863,3.133065673343169,-0.3739984858349652
2012-03-01,-0.28466335340596066,-0.8000000000000007,4,-3.622703583990472,3.0533768771785508,-0.32871751367415086
2012-04-01,-0.2868623591894719,-0.9000000000000004,4,-4.1450655136139885,3.571340795235044,-0.18879871442780188
2012-05-01,-0.22610841329165396,-0.8000000000000007,4,-3.8055580307240073,3.3533412041407,0.025146134800079725
2012-06-01,-0.1453291244445565,-0.9000000000000004,4,-3.6272937897722586,3.336635540883145,0.2514648200648253
2012-07-01,-0.03695029203764996,-0.8000000000000007,4,-3.3531436820404346,3.2792430979651344,0.06795048572114737
2012-08-01,-0.03416765093764916,-0.9000000000000004,4,-2.9354826308926625,2.867147329017364,-0.14670959178731002
2012-09-01,-0.11485457546413982,-1.2000000000000002,4,-3.3266558629402945,3.096946712012015,-0.16495163654034684
2012-10-01,-0.15743004114275275,-1.0000000000000009,4,-2.9916950007816387,2.676834918496133,-0.19894616054652323
2012-11-01,-0.1545500037050469,-0.8999999999999995,4,-2.3932899553464124,2.0841899479363186,-0.6863596611355953
2012-12-01,-0.34344204769125575,-0.5999999999999996,4,-2.022651094971011,1.335766999588499,-0.28675554048123075
2013-01-01,-0.31911848495473344,-0.3000000000000007,4,-1.1318322602840762,0.4935952903746093,-0.0948932499872859
2013-02-01,-0.2412141704584238,-0.6000000000000005,4,-0.821788842858582,0.33936050194173434,-0.031173009659874903
2013-03-01,-0.14788021945872956,-0.6999999999999993,4,-0.9006436673605295,0.6048832284430704,-0.1959021047625764
2013-04-01,-0.23370586517481007,-0.5999999999999996,4,-1.0640711129341383,0.5966593825845181,-0.30953707319983537
2013-05-01,-0.2624168202180294,-0.6999999999999993,4,-1.6033305831549998,1.0784969427189408,-0.2081105046326301
2013-06-01,-0.24941660109814395,-0.6999999999999993,4,-1.611965002808162,1.113131800611874,-0.24803548839349404
2013-07-01,-0.2718415754770799,-0.8999999999999995,4,-1.3702675164559945,0.8265843655018347,-0.1746295161085778
2013-08-01,-0.25353926264401744,-0.8999999999999995,4,-1.2263044477362406,0.7192259224482056,-0.25138746212861185
2013-09-01,-0.27216180752782587,-0.5999999999999996,4,-1.8412318273941939,1.2969082123385423,-0.5193057258136722
2013-10-01,-0.3768784451681386,-0.5999999999999996,4,-2.187500408068259,1.433743517731982,-0.32254593926278396
2013-11-01,-0.38339516412065927,-0.7999999999999998,4,-1.6974395895251335,0.9306492612838151,-0.1337302036307805
2013-12-01,-0.26722993911479875,-1.2000000000000002,4,-1.1958464798787545,0.6613866016491571,0.10271138923649209
2014-01-01,-0.14695191673902055,-1.4000000000000004,4,-0.8036353469801549,0.5097315135021139,0.2717566692694542
2014-02-01,-0.02609252400071033,-1.0,4,-0.6066671964008685,0.5544821483994478,-0.10844246844510909
2014-03-01,-0.12361613191477132,-0.7999999999999998,4,-0.8763795798165712,0.6291473159870287,-0.329003934918954
2014-04-01,-0.21162892368234143,-1.3999999999999995,4,-0.92283020925454,0.4995723618898571,-0.20086622573695218
2014-05-01,-0.21318025854368933,-1.2000000000000002,4,-1.0383263933437699,0.6119658762563911,-0.2052450085266797
2014-06-01,-0.18041212505187632,-1.4000000000000004,4,-1.331876945116702,0.9710526950129493,-0.21529803679599196
2014-07-01,-0.2160374052637369,-1.0999999999999996,4,-1.083987890984885,0.6519130804574111,-0.37132651774786796
2014-08-01,-0.271044496293929,-1.1000000000000005,4,-1.0243349045066195,0.4822459119187613,-0.34582047235726904
2014-09-01,-0.31610913514622674,-1.2999999999999998,4,-1.3511574986058799,0.7189392283134265,-0.032926987240775044
2014-10-01,-0.19083080853795362,-1.5,4,-0.9918846479914313,0.610223030915524,-0.012228060467203369
2014-11-01,-0.1497256052094186,-1.1000000000000005,4,-1.463770030613893,1.1643188201950556,-0.2751691855058214
2014-12-01,-0.229676039370938,-1.1000000000000005,4,-1.5323874286074304,1.0730353498655543,-0.661490761228613
2015-01-01,-0.40779339160155986,-0.8999999999999995,4,-2.0795500608710142,1.2639632776678946,-0.7539364166654108
2015-02-01,-0.5428471963410674,-1.2000000000000002,4,-1.4344047278959584,0.34871033521382355,-0.24731803249309095
2015-03-01,-0.4279937620639281,-1.2999999999999998,4,-0.9320916573013509,0.07610413317349479,0.025286267410642615
2015-04-01,-0.2275649396393173,-0.7999999999999998,4,-1.4266987139023646,0.9715688346237299,-0.5802373390479983
2015-05-01,-0.4218197882304813,-0.7000000000000002,4,-1.4165747797038017,0.5729352032428392,-0.5158893655103596
2015-06-01,-0.45556742840114317,-0.7999999999999998,4,-1.6402693916051514,0.7291345348028652,-0.5512184431399556
2015-07-01,-0.5198077511725028,-1.0,4,-1.3877582368936507,0.3481427345486453,-0.24981837664469725
2015-08-01,-0.41852977972186195,-1.0,4,-1.1727093073645933,0.3356497479208695,-0.2388815533181062
2015-09-01,-0.36985048800113723,-0.9000000000000004,4,-1.636923500760362,0.8972225247580874,-0.4679709037922781
2015-10-01,-0.411788780743648,-0.7000000000000002,4,-1.8995607202764446,1.0759831587891486,-0.688164883751198
2015-11-01,-0.5185623184099579,-0.7000000000000002,4,-1.343393132904137,0.30626849608422124,-0.28067868085841685
2015-12-01,-0.43659363170932897,-0.5999999999999996,4,-1.7393050209458214,0.8661177575271634,-0.20722416683432568
2016-01-01,-0.36027574484358876,-0.9000000000000004,4,-2.0320324141130435,1.3114809244258658,-0.12612795863955853
2016-02-01,-0.28745723959321473,-0.5999999999999996,4,-1.240139207100124,0.6652247279136945,-0.4601068083706558
2016-03-01,-0.36560787352130486,-0.40000000000000036,4,-1.6908941409319473,0.9596783938893376,-0.5954613551428893
2016-04-01,-0.5138448940145488,-0.3000000000000007,4,-1.712978668277596,0.6852888802484984,-0.11605999544928085
2016-05-01,-0.3248098581824236,-0.7999999999999998,4,-1.3195648496557442,0.6699451332908969,0.021782052770589404
2016-06-01,-0.21555557204880993,-0.39999999999999947,4,-1.4002575352528184,0.9691463911551984,-0.19567849079702687
2016-07-01,-0.2545293892266835,-0.40000000000000036,4,-1.0047110125819863,0.4956522341286192,-0.4724810109459475
2016-08-01,-0.3180386854481492,-0.1999999999999993,4,-1.079157132130043,0.44307976123374454,-0.4528417845285379
2016-09-01,-0.39642572822319466,0.0,4,-1.6634987409824193,0.87064728453603,-0.29789873907403736
2016-10-01,-0.3351234226110667,-0.09999999999999964,4,-1.8228953621438633,1.15264851692173,-0.10608708040445633
2016-11-01,-0.2812835166552823,-0.39999999999999947,4,-1.1061143311494614,0.5435472978388969,-0.1441978473248791
2016-12-01,-0.22896797575692365,-0.2999999999999998,4,-1.531679364993416,1.0737434134795687,-0.13460729834841473
2017-01-01,-0.21816682315460267,-0.09999999999999964,4,-1.889923492424057,1.453589846114852,-0.4210199852500263
2017-02-01,-0.29578426838744953,-0.3000000000000007,4,-1.2484662358943588,0.6568976991194597,-0.18902415340488
2017-03-01,-0.2817810450950939,-0.5999999999999996,4,-1.6070673125057364,1.0435052223155485,0.03102702703664467
2017-04-01,-0.19916271184296008,-0.6999999999999993,4,-1.3982964861060072,0.9999710624200872,0.06650958058815463
2017-05-01,-0.09333341634385918,-0.39999999999999947,4,-1.0880884078171797,0.9014215751294613,-0.4530689060006503
2017-06-01,-0.24546364044581864,-0.6000000000000005,4,-1.430165603649827,0.9392383227581897,-0.16375386049202084
2017-07-01,-0.23367555169471885,-0.5,4,-0.9838571750500216,0.5165060716605838,-0.05729426666240693
2017-08-01,-0.14404192555793308,-0.5,4,-0.9051603722398268,0.6170765211239607,0.07022844588195501
2017-09-01,-0.04401254316086279,-0.7000000000000002,4,-1.3110855559200876,1.2230604695983618,0.16506480784913313
2017-10-01,-0.015344100941644038,-0.7000000000000002,4,-1.5031160404744406,1.4724278385911527,0.020997708332935447
2017-11-01,0.0004455077817022597,-0.5,4,-0.8243853067124769,0.8252763222758814,-0.3033190241761834
2017-12-01,-0.13124827452573445,-0.6000000000000005,4,-0.569757513297122,0.30726096424565313,-0.21330662332943756
2018-01-01,-0.1570795421719254,-0.7000000000000002,4,-0.9309515835323673,0.6167924991885164,0.04012827069298213
2018-02-01,-0.08647563925820799,-0.5,4,-1.0391576067651171,0.8662063282487013,-0.11159046877435412
2018-03-01,-0.1080636329603078,-0.40000000000000036,4,-1.4333499003709502,1.2172226344503347,-0.4159106086987285
2018-04-01,-0.2323951810814468,-0.40000000000000036,4,-0.9989047616696007,0.534114399506707,-0.46173011100118533
2018-05-01,-0.3079472814874195,-0.6000000000000005,4,-1.1297293342580088,0.5138347712831697,-0.10621482178622525
2018-06-01,-0.22390069333156276,-0.2999999999999998,4,-0.6601468328395425,0.21234544617641693,-0.20923581191153123
2018-07-01,-0.21313956978556156,-0.5,4,-0.9633211931408643,0.5370420535697411,-0.1862535850140928
2018-08-01,-0.16759977509168766,-0.6000000000000005,4,-0.9287182217735814,0.5935186715902061,-0.18167738030466166
2018-09-01,-0.20973440395922138,-0.5999999999999996,4,-1.0747992118083547,0.6553304038899119,-0.3411140360090121
2018-10-01,-0.25300349346046924,-0.40000000000000036,4,-0.9740012017934049,0.4679942148724664,-0.3490334821005008
2018-11-01,-0.306212243127775,-0.40000000000000036,4,-0.7255335622693584,0.11310907601380832,-0.13483533911973844
2018-12-01,-0.25959825488706834,-0.19999999999999973,4,-0.6523740880527423,0.13317757827860566,-0.1942779808034709
2019-01-01,-0.2247451220660737,0.0,4,-0.9986171634265155,0.5491269192943682,-0.32543893570789706
2019-02-01,-0.2690408633433681,-0.2999999999999998,4,-0.657450394569014,0.11936866788227779,-0.1634221813450596
2019-03-01,-0.20588777649033657,-0.20000000000000018,4,-0.8369148035269809,0.4251392505463077,-0.04989369387513321
2019-04-01,-0.16785262620254232,-0.2999999999999998,4,-0.9343622067906963,0.5986569543856115,-0.09193984722925341
2019-05-01,-0.1387157814936937,-0.19999999999999973,4,-0.9604978342642829,0.6830662712768956,-0.3102991709052405
2019-06-01,-0.21614411326295455,-0.3999999999999999,4,-0.6523902527709342,0.22010202624502515,-0.0760682610583698
2019-07-01,-0.15582216305063462,-0.09999999999999964,4,-0.5985278963882277,0.28688357028695843,-0.19601978075016732
2019-08-01,-0.20552492466856193,-0.19999999999999973,4,-0.7757533705505169,0.36470352121339306,-0.318839887244432
2019-09-01,-0.22051243085603817,-0.20000000000000018,4,-1.0855772387051714,0.6445523769930952,-0.3079709084334946
2019-10-01,-0.2828384746556186,-0.19999999999999973,4,-1.0038361829885543,0.438159233677317,-0.0919063039258243
2019-11-01,-0.18633420009145743,-0.19999999999999973,4,-0.4514988609717193,0.07883046078880449,-0.08503083076703635
2019-12-01,-0.16062603389602978,-0.2999999999999998,4,-0.5473194105665927,0.2260673427745332,0.02328766384510944
2020-01-01,-0.07324437420513931,-0.3999999999999999,4,-0.8133726448981216,0.666883896487843,0.14683396262076326
2020-02-01,-0.016820582822579103,-0.2999999999999998,4,-0.40523011404822495,0.3715889484030668,-0.15297822423328578
2020-03-01,-0.08098666361092105,0.6000000000000005,4,-0.7120136906475654,0.5500403634257232,-0.14348772003488647
2020-04-01,-0.12544202254156145,11.100000000000001,4,-0.8919516031297153,0.6410675580465924,-0.1791141418808239
2020-05-01,-0.11446707058521427,9.6,4,-0.6082522487989895,0.379318107628561,-0.07757484641597104
2020-06-01,-0.11121189714292531,7.4,4,-0.547458036650905,0.3250342423650544,-0.23017026154307743
2020-07-01,-0.13789483305506808,6.499999999999999,4,-0.5806005663926611,0.304810900282525,0.005010158489953456
2020-08-01,-0.09771840260750511,4.800000000000001,4,-0.6679468484894601,0.4725100432744499,-0.048021109999283336
2020-09-01,-0.09861299908875718,4.3,4,-0.9636778069378905,0.7664518087603761,-0.09337225011417985
2020-10-01,-0.0824493973854104,3.3000000000000003,4,-0.8034471057183461,0.6385483109475252,-0.1113523428700177
2020-11-01,-0.09963422705163469,3.1,4,-0.36479888793189663,0.16553043382862723,-0.09693235136462694
2020-12-01,-0.07358504351481986,3.1,4,-0.46027842018538284,0.3131083331557431,-0.17695527834648891
2021-01-01,-0.10468572778822116,2.8000000000000003,4,-0.8448139984812034,0.6354425429047611,-0.25369179043010176
2021-02-01,-0.18420312798511942,2.7,4,-0.5726126592107653,0.20420640324052644,-0.14464791872796673
2021-03-01,-0.17023207894905687,1.6999999999999993,4,-0.913719798983944,0.5732556410858302,0.605245009027491
2021-04-01,0.1789167345646083,-8.700000000000001,4,-11.100197407316218,11.458030876445433,10.78346760383174
2021-05-01,3.278400284948651,-7.3999999999999995,4,-6.399174561467319,12.955975131364621,6.39254925339751
2021-06-01,3.586860984849794,-5.1,4,-4.043309276693284,11.217031246392871,3.494133701224256
2021-07-01,2.5573465390803247,-4.799999999999999,4,-3.9376433024297213,9.05233638059037,2.725447708980207
2021-08-01,1.986552852000723,-3.3000000000000007,4,-2.8614682579985615,6.834573962000007,1.4203975865424208
2021-09-01,1.0816429814209585,-3.0999999999999996,4,-3.311729268693221,5.475015231535138,1.3570441251864025
2021-10-01,0.881931987703648,-2.4000000000000004,4,-2.52942035516637,4.293284330573666,0.9286190777187286
2021-11-01,0.6602428246020898,-2.5,4,-2.536689526762537,3.857175175966717,0.9518080532715911
2021-12-01,0.5854797739668182,-2.8000000000000003,4,-2.691475504379671,3.862435052313307,1.006969281400599
2022-01-01,0.6151772376693209,-2.4000000000000004,4,-2.438514552760781,3.6688690280994227,0.9135868100916699
2022-02-01,0.5712227922577179,-2.4000000000000004,4,-2.273425126470249,3.4158707109856845,0.8971893578372746
2022-03-01,0.5388883872518685,-2.3999999999999995,4,-0.5558666037206398,1.6336433782243769,0.5022146852917427
2022-04-01,0.3512872313255274,-2.3999999999999995,4,-19.132180372506213,19.83475483515727,-2.203146325146783
2022-05-01,-0.6996919434140098,-2.1999999999999997,4,-14.49224119681152,13.0928573099835,-1.6116818507726276
2022-06-01,-0.6952483177132859,-2.3000000000000003,4,-9.289382018937541,7.898885383510969,-1.0985966354491277
2022-07-01,-0.5968610810121538,-1.9000000000000004,4,-8.12230878999236,6.928586627968052,-0.911994850157795
2022-08-01,-0.47761744570724485,-1.4999999999999996,4,-5.325638555706529,4.37040366429204,-0.469789587307643
2022-09-01,-0.2953221538425065,-1.2000000000000002,4,-4.752366279028909,4.161721971343896,-0.5404529275035299
2022-10-01,-0.26555394027159357,-0.8999999999999999,4,-3.6769062831416117,3.1457984025984245,-0.3784115079589293
2022-11-01,-0.18894491373777508,-0.6000000000000001,4,-3.6407529670093663,3.2628631395338163,-0.46284765204441586
2022-12-01,-0.2665879851395413,-0.3999999999999999,4,-4.07355726654014,3.540381296261058,-0.5495557745020558
2023-01-01,-0.23948170017285664,-0.5,4,-3.5530685102645267,3.0741051099188135,-0.46188696110734173
2023-02-01,-0.22772316058203382,-0.19999999999999973,4,-3.524912518419309,3.069466197255241,-0.4787175276646973
2023-03-01,-0.22466753421278576,-0.20000000000000018,4,-3.126882219504528,2.6775471510789566,-0.48033371005503317
2023-04-01,-0.2116020653158551,-0.30000000000000027,4,-19.695069669147596,19.271865538515886,-0.4951297506063009
2023-05-01,-0.23231960291206066,0.0,4,-14.02486885630957,13.56022965048545,-0.4511708049221469
2023-06-01,-0.22348619586672439,0.0,4,-8.81761989709098,8.37064750535753,-0.4883090212864377
2023-07-01,-0.23836964068582348,0.0,4,-7.763817349666029,7.287078068294383,-0.3889441366667039
2023-08-01,-0.2130859180146096,0.10000000000000009,4,-5.061107028013894,4.634935191984675,-0.30573470161737326
2023-09-01,-0.17372727105388833,0.2999999999999998,4,-4.6307713962402905,4.283316854132514,-0.24103317896734117
2023-10-01,-0.1418344694978272,0.2999999999999998,4,-3.553186812367845,3.269517873372191,-0.18151987303798905
2023-11-01,-0.16676710586195095,0.10000000000000009,4,-3.618575159133542,3.2850409474096405,-0.12256706501661027
2023-12-01,-0.08905941536287891,0.2999999999999998,4,-3.8960286967634783,3.7179098660377203,-0.08618647366667728
2024-01-01,-0.06544522128770762,0.20000000000000018,4,-3.379032031379378,3.2481415888039624,-0.11877295025030611
2024-02-01,-0.06951089224224465,0.2999999999999998,4,-3.3667002500795196,3.22767846559503,-0.04971485882256103
2024-03-01,-0.05413976938693951,0.3999999999999999,4,-2.956354454678682,2.8480749159048027,-0.06015477496117947
2024-04-01,-0.05375425044241313,0.5,4,-19.537221854274154,19.429713353389328,-0.08159691075004623
2024-05-01,-0.04946992206153518,0.3999999999999999,4,-13.842019175459045,13.743079331335975,-0.013207799253193219
2024-06-01,-0.03833968186238812,0.49999999999999956,4,-8.632473383086642,8.555794019361867,-0.020396425803926563
2024-07-01,-0.03387885711758217,0.7000000000000002,4,-7.559326566097788,7.491568851862624,-0.017974378351890613
2024-08-01,-0.05571192218800662,0.5,4,-4.776109508730428,4.6646856643544155,0.0011081193809025724
2024-09-01,-0.01784942982793979,0.2999999999999998,4,-4.474893555014342,4.439194695358463,0.04611978763325314
2024-10-01,-0.010068112599394633,0.19999999999999973,4,-3.3386871903181237,3.3185509651193343,0.04213822310813578
2024-11-01,-0.005160801498486039,0.5,4,-3.456968854770077,3.4466472517731055,-0.005619272413674138
2024-12-01,-0.011255426379073273,0.2999999999999998,4,-3.8182247077796725,3.795713855021526,0.043295396615737364
2025-01-01,-0.009454025721103654,0.2999999999999998,4,-3.323040835812774,3.3041327843705663,0.014826680229981333
2025-02-01,-0.015157500800548616,0.19999999999999973,4,-3.3123468586378233,3.2820318570367264,0.044611754851572524
2025-03-01,-0.004348761635521092,0.30000000000000027,4,-2.9065634469272634,2.897865923656221,0.06294469568700764
2025-04-01,0.017231657741198902,0.30000000000000027,4,-0.5643652530088473,0.5988285684912452,0.08656952058938357
2025-05-01,-0.013505207689381706,0.20000000000000018,4,-0.6018233569167538,0.5748129415379905,0.05995792185147881
2025-06-01,0.011441377529887033,0.0,4,-1.1899619870209857,1.2128447420807595,0.08517548974046851
2025-07-01,0.01564706111110254,0.0,4,-0.9723580887311027,1.003652210953308,0.12908794563585993
2025-08-01,0.02982871073167336,0.09999999999999964,4,-1.0003817019606833,1.0600391234240298,0.07961478724036963
