date,BUSLOANS,CPIAUCSL,DPCERA3M086SBEA,INDPRO,M2SL,OILPRICEX,RPI,SP500,TB3MS,UNRATE,USREC
1959-01-01,35.213,29.01,15.188,21.9998,286.6,3.0,2583.56,55.62,2.82,6.0,0.0
1959-02-01,35.2201,29.0,15.346,22.4306,287.7,3.0,2593.596,54.77,2.7,5.9,0.0
1959-03-01,35.1304,28.97,15.491,22.7538,289.2,2.97,2610.396,56.16,2.8,5.6,0.0
1959-04-01,35.5581,28.98,15.435,23.2384,290.1,2.97,2627.446,57.1,2.95,5.2,0.0
1959-05-01,36.3064,29.04,15.622,23.5885,292.2,2.97,2642.72,57.96,2.84,5.1,0.0
1959-06-01,37.1404,29.11,15.679,23.6155,294.1,2.97,2650.841,57.46,3.21,5.0,0.0
1959-07-01,37.6645,29.15,15.626,23.05,295.2,2.97,2649.304,59.74,3.2,5.1,0.0
1959-08-01,38.089,29.18,15.72,22.2691,296.4,2.97,2634.369,59.4,3.38,5.2,0.0
1959-09-01,38.2605,29.25,15.878,22.2421,296.7,2.97,2636.381,57.05,4.04,5.5,0.0
1959-10-01,38.4113,29.35,15.77,22.0806,296.5,2.97,2639.735,57.0,4.05,5.7,0.0
1959-11-01,38.6978,29.35,15.763,22.2152,297.1,2.97,2659.765,57.23,4.15,5.8,0.0
1959-12-01,39.2932,29.41,15.745,23.5885,297.8,2.97,2687.012,59.06,4.49,5.3,0.0
1960-01-01,39.6291,29.37,15.789,24.2078,298.2,2.97,2695.694,58.03,4.35,5.2,0.0
1960-02-01,39.7872,29.41,15.858,23.9924,298.4,2.97,2698.789,55.78,3.96,4.8,0.0
1960-03-01,40.018,29.41,16.083,23.777,299.3,2.97,2703.859,55.02,3.31,5.4,0.0
1960-04-01,40.5152,29.54,16.331,23.5885,300.1,2.97,2713.243,55.73,3.23,5.2,0.0
1960-05-01,40.8926,29.57,16.002,23.5616,300.9,2.97,2719.777,55.22,3.29,5.1,1.0
1960-06-01,41.3564,29.61,15.998,23.2654,302.3,2.97,2721.855,57.26,2.46,5.4,1.0
1960-07-01,41.3958,29.55,16.031,23.1846,304.1,2.97,2726.734,55.84,2.3,5.5,1.0
1960-08-01,41.3249,29.61,16.016,23.1577,306.9,2.97,2722.383,56.51,2.3,5.6,1.0
1960-09-01,41.4006,29.61,16.092,22.9153,308.4,2.97,2725.93,54.81,2.48,5.5,1.0
1960-10-01,41.5247,29.75,16.17,22.8884,309.5,2.97,2733.981,53.73,2.3,6.1,1.0
1960-11-01,41.6827,29.78,16.114,22.5653,310.9,2.97,2722.236,55.47,2.37,6.1,1.0
1960-12-01,42.1051,29.81,15.916,22.1344,312.4,2.97,2709.794,56.8,2.25,6.6,1.0
1961-01-01,42.0358,29.84,15.956,22.1613,314.1,2.97,2734.05,59.72,2.24,6.6,1.0
1961-02-01,41.9503,29.84,16.014,22.1344,316.5,2.97,2744.703,62.17,2.42,6.9,1.0
1961-03-01,42.0518,29.84,16.213,22.2691,318.3,2.97,2755.967,64.12,2.39,6.9,0.0
1961-04-01,42.2127,29.81,16.221,22.7268,319.9,2.97,2761.873,65.83,2.29,7.0,0.0
1961-05-01,42.1342,29.84,16.32,23.0769,322.2,2.97,2783.267,66.5,2.29,7.1,0.0
1961-06-01,42.4519,29.84,16.359,23.4,324.3,2.97,2809.575,65.62,2.33,6.9,0.0
1961-07-01,42.5813,29.92,16.31,23.6693,325.6,2.97,2817.586,65.44,2.24,7.0,0.0
1961-08-01,42.6567,29.94,16.368,23.8847,327.6,2.97,2819.181,67.79,2.39,6.6,0.0
1961-09-01,42.7707,29.98,16.46,23.8578,329.5,2.97,2822.627,67.26,2.28,6.7,0.0
1961-10-01,42.9778,29.98,16.563,24.3156,331.1,2.97,2850.442,68.0,2.3,6.5,0.0
1961-11-01,43.1337,29.98,16.724,24.6926,333.4,2.97,2875.937,71.08,2.48,6.1,0.0
1961-12-01,43.7997,30.01,16.84,24.908,335.5,2.97,2893.211,71.74,2.6,6.0,0.0
1962-01-01,43.9853,30.04,16.845,24.6925,337.5,2.97,2890.321,69.07,2.72,5.8,0.0
1962-02-01,43.8688,30.11,16.837,25.0964,340.1,2.97,2902.573,70.22,2.73,5.5,0.0
1962-03-01,44.1012,30.17,16.976,25.2311,343.1,2.97,2922.539,70.29,2.72,5.6,0.0
1962-04-01,44.5398,30.21,17.035,25.285,345.5,2.97,2937.504,68.05,2.73,5.6,0.0
1962-05-01,44.8413,30.24,17.166,25.258,347.5,2.97,2941.678,62.99,2.69,5.5,0.0
1962-06-01,45.5419,30.21,17.08,25.2042,349.3,2.97,2945.739,55.63,2.73,5.5,0.0
1962-07-01,45.7268,30.22,17.135,25.4465,350.8,2.97,2960.008,56.97,2.92,5.4,0.0
1962-08-01,45.9234,30.28,17.183,25.4734,352.8,2.97,2964.773,58.52,2.82,5.7,0.0
1962-09-01,46.3736,30.42,17.375,25.635,354.9,2.97,2966.166,58.0,2.78,5.6,0.0
1962-10-01,46.8487,30.38,17.289,25.6619,357.2,2.97,2981.84,56.17,2.74,5.4,0.0
1962-11-01,47.1998,30.38,17.519,25.7696,359.8,2.97,2992.828,60.04,2.83,5.7,0.0
1962-12-01,47.4376,30.38,17.617,25.7696,362.7,2.97,3006.868,62.64,2.87,5.5,0.0
1963-01-01,47.6623,30.44,17.612,25.9581,365.2,2.97,3025.392,65.06,2.91,5.7,0.0
1963-02-01,47.8294,30.48,17.546,26.2544,367.9,2.97,3009.442,65.92,2.92,5.9,0.0
1963-03-01,47.9739,30.51,17.635,26.4159,370.7,2.97,3023.049,65.67,2.89,5.7,0.0
1963-04-01,48.3917,30.48,17.699,26.6582,373.3,2.97,3031.344,68.76,2.9,5.7,0.0
1963-05-01,48.649,30.51,17.71,26.9814,376.1,2.97,3044.315,70.14,2.93,5.9,0.0
1963-06-01,49.2469,30.61,17.881,27.0622,378.4,2.97,3058.664,70.11,2.99,5.6,0.0
1963-07-01,49.4664,30.69,17.973,26.9545,381.1,2.97,3060.387,69.07,3.18,5.6,0.0
1963-08-01,49.4768,30.75,18.037,27.0083,383.6,2.97,3071.095,70.98,3.32,5.4,0.0
1963-09-01,49.8225,30.72,18.003,27.2776,386.0,2.97,3091.894,72.85,3.38,5.5,0.0
1963-10-01,50.4111,30.75,17.993,27.4661,388.3,2.97,3109.05,73.03,3.45,5.5,0.0
1963-11-01,51.2382,30.78,18.127,27.6007,391.5,2.97,3115.477,72.62,3.52,5.7,0.0
1963-12-01,52.1741,30.88,18.343,27.5469,393.2,2.97,3140.08,74.17,3.52,5.5,0.0
1964-01-01,52.4186,30.94,18.402,27.7892,395.2,2.97,3151.381,76.45,3.52,5.6,0.0
1964-02-01,52.5482,30.91,18.532,27.9777,397.6,2.97,3164.424,77.39,3.53,5.4,0.0
1964-03-01,52.7139,30.94,18.597,27.9777,399.8,2.97,3180.427,78.8,3.54,5.4,0.0
1964-04-01,53.229,30.95,18.63,28.4355,401.7,2.97,3199.779,79.94,3.47,5.3,0.0
1964-05-01,53.7445,30.98,18.888,28.597,404.2,2.97,3218.991,80.72,3.48,5.1,0.0
1964-06-01,54.2937,31.01,18.996,28.6778,407.1,2.97,3230.324,80.24,3.48,5.2,0.0
1964-07-01,54.7159,31.02,19.136,28.8663,410.1,2.92,3247.888,83.22,3.46,4.9,0.0
1964-08-01,55.1046,31.05,19.251,29.0548,413.4,2.92,3266.271,82.0,3.5,5.0,0.0
1964-09-01,55.7749,31.08,19.171,29.1625,416.9,2.92,3279.764,83.41,3.53,5.1,0.0
1964-10-01,56.2908,31.12,19.296,28.7586,419.1,2.92,3281.585,84.85,3.57,5.1,0.0
1964-11-01,56.8628,31.21,19.121,29.6472,422.0,2.92,3303.656,85.44,3.64,4.8,0.0
1964-12-01,58.3481,31.25,19.306,29.9973,424.7,2.92,3336.322,83.96,3.84,5.0,0.0
1965-01-01,59.241,31.28,19.443,30.3204,427.5,2.92,3357.223,86.12,3.81,4.9,0.0
1965-02-01,60.0693,31.28,19.753,30.5089,430.4,2.92,3359.115,86.75,3.93,5.1,0.0
1965-03-01,61.1489,31.31,19.814,30.9128,433.2,2.92,3375.375,86.83,3.93,4.7,0.0
1965-04-01,62.1331,31.38,19.955,31.0474,435.4,2.92,3389.254,87.97,3.93,4.8,0.0
1965-05-01,62.925,31.48,19.936,31.2898,437.1,2.92,3407.894,89.28,3.89,4.6,0.0
1965-06-01,64.1511,31.61,19.77,31.5321,440.1,2.92,3417.802,85.04,3.8,4.6,0.0
1965-07-01,64.8904,31.58,20.018,31.8283,442.9,2.92,3440.831,84.91,3.84,4.4,0.0
1965-08-01,65.4792,31.55,20.165,31.963,445.8,2.92,3455.192,86.49,3.84,4.4,0.0
1965-09-01,66.3883,31.62,20.502,32.0438,449.5,2.92,3539.729,89.38,3.92,4.3,0.0
1965-10-01,67.05,31.65,20.789,32.3669,452.6,2.92,3524.562,91.39,4.03,4.2,0.0
1965-11-01,67.754,31.75,20.78,32.5015,455.7,2.92,3550.773,92.15,4.09,4.1,0.0
1965-12-01,69.1577,31.85,20.823,32.9054,459.2,2.92,3569.718,91.73,4.38,4.0,0.0
1966-01-01,69.9831,31.88,20.956,33.2286,462.0,2.92,3578.381,93.32,4.59,4.0,0.0
1966-02-01,70.683,32.08,21.097,33.444,464.6,2.92,3596.166,92.69,4.65,3.8,0.0
1966-03-01,71.521,32.18,21.261,33.9018,467.2,2.92,3615.405,88.88,4.59,3.8,0.0
1966-04-01,72.3728,32.28,21.272,33.9556,469.3,2.92,3612.477,91.6,4.62,3.8,0.0
1966-05-01,73.3273,32.35,21.074,34.2787,470.1,2.92,3624.307,86.78,4.64,3.9,0.0
1966-06-01,75.3919,32.38,21.13,34.4403,471.2,2.92,3642.069,86.06,4.5,3.8,0.0
1966-07-01,76.7826,32.45,21.312,34.6288,470.9,2.92,3656.698,85.84,4.8,3.8,0.0
1966-08-01,76.9939,32.65,21.345,34.6557,472.6,2.92,3675.041,80.65,4.96,3.8,0.0
1966-09-01,77.4883,32.75,21.542,34.9789,475.4,2.97,3697.138,77.81,5.37,3.7,0.0
1966-10-01,78.0104,32.85,21.448,35.2212,475.7,2.97,3712.521,77.13,5.35,3.7,0.0
1966-11-01,78.3726,32.88,21.493,34.9788,477.3,2.97,3735.585,80.99,5.32,3.6,0.0
1966-12-01,78.976,32.92,21.527,35.0596,480.2,2.97,3734.371,81.33,4.96,3.8,0.0
1967-01-01,79.274,32.9,21.629,35.225,481.6,2.97,3769.197,84.45,4.72,3.9,0.0
1967-02-01,79.558,33.0,21.549,34.8255,485.1,3.0,3773.752,87.36,4.56,3.8,0.0
1967-03-01,80.1231,33.0,21.661,34.6292,489.7,3.0,3796.76,89.42,4.26,3.8,0.0
1967-04-01,81.185,33.1,21.867,34.9558,492.1,3.0,3793.589,90.96,3.84,3.8,0.0
1967-05-01,81.6022,33.1,21.865,34.6508,497.2,3.0,3800.579,92.59,3.6,3.8,0.0
1967-06-01,82.6929,33.3,21.994,34.6465,502.0,3.0,3815.624,91.43,3.54,3.9,0.0
1967-07-01,83.7351,33.4,21.916,34.5676,506.3,3.0,3835.148,93.01,4.21,3.8,0.0
1967-08-01,83.5123,33.5,21.981,35.2299,510.8,3.07,3853.272,94.49,4.27,3.8,0.0
1967-09-01,83.7365,33.6,22.165,35.1727,514.7,3.07,3856.287,95.81,4.42,3.8,0.0
1967-10-01,84.1043,33.7,21.957,35.4591,518.2,3.07,3861.274,95.66,4.56,4.0,0.0
1967-11-01,84.5959,33.9,22.107,35.9663,521.2,3.07,3885.754,92.66,4.73,3.9,0.0
1967-12-01,86.1397,34.0,22.402,36.3536,524.8,3.07,3896.582,95.3,4.97,3.8,0.0
1968-01-01,86.5509,34.1,22.545,36.3145,527.4,3.07,3917.876,95.04,5.0,3.7,0.0
1968-02-01,86.5981,34.2,22.568,36.4446,530.4,3.07,3947.741,90.75,4.98,3.8,0.0
1968-03-01,87.114,34.3,22.946,36.5584,533.2,3.07,3981.447,89.09,5.17,3.7,0.0
1968-04-01,88.421,34.4,22.861,36.6113,535.7,3.07,3999.257,95.67,5.38,3.5,0.0
1968-05-01,88.9726,34.5,23.019,37.022,538.9,3.07,4020.251,97.87,5.66,3.5,0.0
1968-06-01,89.9295,34.7,23.216,37.158,542.6,3.07,4038.787,100.5,5.52,3.7,0.0
1968-07-01,91.0358,34.9,23.432,37.101,545.6,3.07,4063.454,100.3,5.31,3.7,0.0
1968-08-01,91.2381,35.0,23.496,37.2045,549.4,3.07,4082.154,98.11,5.09,3.5,0.0
1968-09-01,91.8452,35.1,23.463,37.3454,553.6,3.07,4101.372,101.3,5.19,3.4,0.0
1968-10-01,92.8125,35.3,23.502,37.4196,557.6,3.07,4108.359,103.8,5.35,3.4,0.0
1968-11-01,94.47,35.4,23.632,37.9036,562.4,3.07,4126.968,105.4,5.45,3.4,0.0
1968-12-01,96.2065,35.6,23.574,38.0233,566.8,3.07,4143.746,106.5,5.96,3.4,0.0
1969-01-01,97.1481,35.7,23.765,38.2533,569.3,3.07,4147.516,102.0,6.14,3.4,0.0
1969-02-01,98.2963,35.8,23.916,38.4981,571.9,3.07,4166.874,101.5,6.12,3.4,0.0
1969-03-01,99.2383,36.1,23.811,38.8,574.4,3.25,4185.653,99.3,6.02,3.4,0.0
1969-04-01,100.7715,36.3,23.908,38.6573,575.7,3.35,4195.731,101.3,6.11,3.4,0.0
1969-05-01,101.9454,36.4,24.069,38.5111,576.5,3.35,4212.218,104.6,6.04,3.4,0.0
1969-06-01,102.5404,36.6,23.976,38.8874,578.5,3.35,4226.625,99.14,6.44,3.5,0.0
1969-07-01,103.0557,36.8,23.945,39.0927,579.5,3.35,4249.802,94.71,7.0,3.5,0.0
1969-08-01,103.3067,36.9,24.165,39.1825,580.1,3.35,4276.349,94.18,6.98,3.5,0.0
1969-09-01,103.8176,37.1,24.195,39.1737,582.1,3.35,4287.411,94.51,7.09,3.7,0.0
1969-10-01,104.3372,37.3,24.32,39.1852,583.4,3.35,4295.402,95.52,7.0,3.7,0.0
1969-11-01,105.1854,37.5,24.292,38.8158,585.4,3.35,4299.542,96.21,7.24,3.5,0.0
1969-12-01,106.5979,37.7,24.27,38.7116,587.9,3.35,4308.572,91.11,7.82,3.5,0.0
1970-01-01,106.2979,37.9,24.415,37.9948,589.6,3.35,4316.303,90.31,7.87,3.9,1.0
1970-02-01,105.6953,38.1,24.522,37.9698,586.3,3.35,4326.879,87.16,7.13,4.2,1.0
1970-03-01,105.4128,38.3,24.397,37.9205,587.3,3.35,4343.672,88.65,6.63,4.4,1.0
1970-04-01,105.6766,38.5,24.416,37.823,588.4,3.35,4386.888,85.95,6.51,4.6,1.0
1970-05-01,106.0118,38.6,24.584,37.7789,591.5,3.35,4361.776,76.06,6.84,4.8,1.0
1970-06-01,106.8358,38.8,24.667,37.6567,595.2,3.35,4375.408,75.59,6.68,4.9,1.0
1970-07-01,107.677,38.9,24.661,37.7491,599.1,3.31,4399.934,75.72,6.45,5.0,1.0
1970-08-01,108.5407,39.0,24.765,37.6818,604.9,3.31,4411.13,77.92,6.41,5.1,1.0
1970-09-01,109.5289,39.2,24.887,37.4221,611.2,3.31,4408.024,82.58,6.12,5.4,1.0
1970-10-01,109.774,39.4,24.736,36.6735,616.4,3.31,4392.764,84.37,5.91,5.5,1.0
1970-11-01,110.1744,39.6,24.573,36.4514,621.1,3.31,4388.306,84.28,5.28,5.9,1.0
1970-12-01,111.3578,39.8,24.802,37.2885,626.5,3.56,4403.338,90.05,4.87,6.1,0.0
1971-01-01,111.5479,39.9,25.142,37.5753,632.9,3.56,4441.241,93.49,4.44,5.9,0.0
1971-02-01,111.8951,39.9,25.189,37.5037,641.0,3.56,4450.084,97.11,3.7,5.9,0.0
1971-03-01,111.9877,40.0,25.202,37.4631,649.9,3.56,4464.048,99.6,3.38,6.0,0.0
1971-04-01,112.1496,40.1,25.353,37.6735,658.4,3.56,4475.918,103.0,3.86,5.9,0.0
1971-05-01,113.0615,40.3,25.335,37.8646,666.7,3.56,4493.209,101.6,4.14,5.9,0.0
1971-06-01,114.1265,40.5,25.539,38.0234,673.0,3.56,4577.424,99.72,4.75,5.9,0.0
1971-07-01,114.3772,40.6,25.43,37.9131,679.6,3.56,4520.323,99.0,5.4,6.0,0.0
1971-08-01,115.6802,40.7,25.575,37.693,685.5,3.56,4535.789,97.24,4.94,6.1,0.0
1971-09-01,116.6745,40.8,25.83,38.3056,692.5,3.56,4562.531,99.4,4.69,6.0,0.0
1971-10-01,117.268,40.9,25.893,38.5924,698.4,3.56,4575.168,97.29,4.46,5.8,0.0
1971-11-01,117.8104,41.0,26.024,38.7561,704.6,3.56,4598.431,92.78,4.22,6.0,0.0
1971-12-01,117.7961,41.1,26.192,39.2035,710.3,3.56,4622.5,99.17,4.01,6.0,0.0
1972-01-01,118.1645,41.2,26.196,40.1408,717.7,3.56,4644.778,103.3,3.38,5.8,0.0
1972-02-01,118.8982,41.4,26.259,40.5459,725.7,3.56,4682.524,105.2,3.2,5.7,0.0
1972-03-01,119.691,41.4,26.686,40.8263,733.5,3.56,4712.202,107.7,3.73,5.8,0.0
1972-04-01,121.2319,41.5,26.764,41.2348,738.4,3.56,4718.611,108.8,3.71,5.7,0.0
1972-05-01,122.692,41.6,26.898,41.2405,743.3,3.56,4738.426,107.7,3.69,5.7,0.0
1972-06-01,123.7672,41.7,26.985,41.3497,749.7,3.56,4751.74,108.0,3.91,5.7,0.0
1972-07-01,124.6817,41.8,27.184,41.3035,759.5,3.56,4780.516,107.2,3.98,5.6,0.0
1972-08-01,126.0083,41.9,27.33,41.879,768.7,3.56,4824.896,111.0,4.02,5.6,0.0
1972-09-01,126.9574,42.1,27.377,42.2132,778.3,3.56,4843.175,109.4,4.66,5.5,0.0
1972-10-01,129.0908,42.2,27.829,42.7494,786.9,3.56,4954.863,109.6,4.74,5.6,0.0
1972-11-01,131.5901,42.4,27.938,43.2548,793.9,3.56,5005.278,115.1,4.78,5.3,0.0
1972-12-01,133.1093,42.5,28.045,43.7367,802.3,3.56,5023.731,117.5,5.07,5.2,0.0
1973-01-01,135.4135,42.7,28.319,44.0529,810.3,3.56,5003.812,118.4,5.41,4.9,0.0
1973-02-01,140.7983,43.0,28.493,44.6827,814.1,3.56,5022.151,114.2,5.6,5.0,0.0
1973-03-01,144.9576,43.4,28.53,44.7045,815.3,3.56,5028.119,112.4,6.09,4.9,0.0
1973-04-01,147.5343,43.7,28.418,44.6387,819.7,3.56,5037.899,110.3,6.26,5.0,0.0
1973-05-01,149.9659,43.9,28.478,44.9429,826.8,3.56,5059.894,107.2,6.36,4.9,0.0
1973-06-01,152.8292,44.2,28.407,45.0035,833.3,3.56,5074.122,104.8,7.19,4.9,0.0
1973-07-01,155.3291,44.2,28.633,45.1636,836.5,3.56,5089.133,105.8,8.01,4.8,0.0
1973-08-01,158.0681,45.0,28.278,45.1019,838.8,4.31,5074.021,103.8,8.67,4.8,0.0
1973-09-01,158.5066,45.2,28.693,45.4624,839.3,4.31,5104.199,105.6,8.29,4.8,0.0
1973-10-01,159.1694,45.6,28.496,45.847,842.6,4.31,5148.7,109.8,7.22,4.6,0.0
1973-11-01,159.9353,45.9,28.547,46.0553,848.9,4.31,5160.48,102.0,7.83,4.8,0.0
1973-12-01,161.2113,46.3,28.305,45.923,855.5,4.31,5146.807,94.78,7.45,4.9,1.0
1974-01-01,163.0226,46.8,28.289,45.6204,859.7,10.11,5102.933,96.11,7.77,5.1,1.0
1974-02-01,164.772,47.3,28.126,45.4759,864.2,10.11,5072.291,93.45,7.12,5.2,1.0
1974-03-01,168.8168,47.8,28.17,45.4777,870.1,10.11,5039.098,97.44,7.96,5.1,1.0
1974-04-01,174.9909,48.1,28.264,45.3451,872.9,10.11,5036.13,92.46,8.33,5.1,1.0
1974-05-01,177.6309,48.6,28.346,45.7044,874.6,10.11,5040.703,89.67,8.23,5.1,1.0
1974-06-01,180.1082,49.0,28.279,45.6238,877.8,10.11,5037.213,89.79,7.9,5.4,1.0
1974-07-01,183.9873,49.3,28.372,45.7221,881.4,10.11,5057.141,79.31,7.55,5.5,1.0
1974-08-01,186.3819,49.9,28.584,45.2366,884.1,10.11,5048.655,76.03,8.96,5.5,1.0
1974-09-01,187.9941,50.6,28.298,45.2365,887.9,10.11,5043.366,68.12,8.06,5.9,1.0
1974-10-01,189.2302,51.0,28.22,45.1133,893.3,11.16,5059.64,69.44,7.46,6.0,1.0
1974-11-01,190.4047,51.5,27.921,43.6278,898.6,11.16,5029.511,71.74,7.47,6.6,1.0
1974-12-01,191.2761,51.9,27.867,42.0533,902.1,11.16,5026.41,67.07,7.15,7.2,1.0
1975-01-01,191.5869,52.3,28.094,41.4676,906.3,11.16,5021.74,72.56,6.26,8.1,1.0
1975-02-01,190.3805,52.6,28.339,40.5165,914.1,11.16,5019.3,80.1,5.5,8.1,1.0
1975-03-01,188.1191,52.8,28.279,40.0638,925.0,11.16,5022.998,83.78,5.49,8.6,1.0
1975-04-01,187.4109,53.0,28.311,40.1573,935.1,11.16,5029.124,84.72,5.61,8.8,0.0
1975-05-01,186.074,53.1,28.877,40.0253,947.9,11.16,5059.831,90.1,5.23,9.0,0.0
1975-06-01,184.638,53.5,28.918,40.2772,963.0,11.16,5148.088,92.4,5.34,8.8,0.0
1975-07-01,183.651,54.0,29.035,40.6994,975.1,11.16,5091.326,92.49,6.13,8.6,0.0
1975-08-01,182.9282,54.2,29.11,41.0998,983.1,11.16,5129.306,85.71,6.44,8.4,0.0
1975-09-01,182.822,54.6,29.184,41.6304,991.5,11.16,5141.395,84.67,6.42,8.4,0.0
1975-10-01,182.7142,54.9,29.182,41.8135,997.8,11.16,5165.514,88.57,5.96,8.4,0.0
1975-11-01,182.6189,55.3,29.403,41.8697,1006.9,11.16,5165.194,90.07,5.48,8.3,0.0
1975-12-01,183.3586,55.6,29.684,42.4414,1016.2,11.16,5172.774,88.7,5.44,8.2,0.0
1976-01-01,182.6481,55.8,29.978,43.0012,1026.6,11.16,5206.807,96.86,4.87,7.9,0.0
1976-02-01,182.0444,55.9,29.953,43.4229,1040.3,12.03,5237.103,100.6,4.88,7.7,0.0
1976-03-01,179.4877,56.0,30.102,43.5168,1050.0,12.1,5250.841,101.1,5.0,7.6,0.0
1976-04-01,177.4755,56.1,30.317,43.7327,1060.8,12.17,5271.098,101.9,4.86,7.7,0.0
1976-05-01,178.4326,56.4,30.1,43.9186,1072.1,12.17,5277.153,101.2,5.2,7.4,0.0
1976-06-01,179.102,56.7,30.444,43.9637,1077.6,12.17,5284.953,101.8,5.41,7.6,0.0
1976-07-01,179.1423,57.0,30.532,44.2141,1086.3,12.17,5317.491,104.2,5.23,7.8,0.0
1976-08-01,179.7949,57.3,30.586,44.5182,1098.7,12.17,5332.551,103.3,5.14,7.8,0.0
1976-09-01,181.1732,57.6,30.7,44.6721,1110.8,13.9,5337.168,105.5,5.08,7.6,0.0
1976-10-01,182.4383,57.9,30.748,44.6585,1125.0,13.9,5335.461,101.9,4.92,7.7,0.0
1976-11-01,183.9005,58.1,30.926,45.3392,1138.2,13.9,5382.241,101.2,4.75,7.8,0.0
1976-12-01,185.2478,58.4,31.336,45.8294,1152.0,13.9,5398.735,104.7,4.35,7.8,0.0
1977-01-01,185.7874,58.7,31.246,45.5087,1165.2,13.9,5372.549,103.8,4.62,7.5,0.0
1977-02-01,187.4113,59.3,31.42,46.2277,1177.6,13.9,5389.96,101.0,4.67,7.6,0.0
1977-03-01,189.1547,59.6,31.441,46.8185,1188.5,13.9,5413.846,100.6,4.6,7.4,0.0
1977-04-01,190.2948,60.0,31.485,47.2684,1199.6,13.9,5437.2,99.05,4.54,7.2,0.0
1977-05-01,191.7797,60.2,31.572,47.6411,1209.0,13.9,5450.793,98.76,4.96,7.0,0.0
1977-06-01,193.5548,60.5,31.56,48.0116,1217.8,13.9,5459.172,99.29,5.02,7.2,0.0
1977-07-01,195.1835,60.8,31.816,48.073,1226.7,13.9,5489.51,100.2,5.19,6.9,0.0
1977-08-01,197.4881,61.1,31.798,48.1205,1237.0,14.85,5511.046,97.75,5.49,7.0,0.0
1977-09-01,198.9991,61.3,31.897,48.3189,1246.2,14.85,5545.405,96.23,5.81,6.8,0.0
1977-10-01,201.2545,61.6,32.164,48.3871,1254.0,14.85,5593.319,93.74,6.16,6.8,0.0
1977-11-01,202.9397,62.0,32.36,48.4761,1262.4,14.85,5637.491,94.28,6.1,6.8,0.0
1977-12-01,204.6774,62.3,32.424,48.5629,1270.3,14.85,5662.417,93.82,6.07,6.4,0.0
1978-01-01,207.2931,62.7,32.077,47.8481,1279.7,14.85,5642.502,90.25,6.44,6.4,0.0
1978-02-01,210.259,63.0,32.545,48.1044,1285.5,14.85,5667.791,88.98,6.45,6.3,0.0
1978-03-01,213.6058,63.4,32.87,49.0265,1292.2,14.85,5700.022,88.82,6.29,6.3,0.0
1978-04-01,216.9979,63.9,33.068,50.0206,1300.4,14.85,5732.667,92.71,6.29,6.1,0.0
1978-05-01,220.4005,64.5,33.2,50.254,1310.5,14.85,5739.268,97.41,6.41,6.0,0.0
1978-06-01,223.4759,65.0,33.308,50.5801,1318.5,14.85,5760.201,97.66,6.73,5.9,0.0
1978-07-01,226.2258,65.5,33.15,50.5384,1324.1,14.85,5791.884,97.19,7.01,6.2,0.0
1978-08-01,228.3623,65.9,33.449,50.7458,1333.5,14.85,5818.097,103.9,7.08,5.9,0.0
1978-09-01,230.5011,66.5,33.395,50.8744,1345.0,14.85,5825.741,103.9,7.85,6.0,0.0
1978-10-01,232.9249,67.1,33.452,51.2559,1352.3,14.85,5847.005,100.6,7.99,5.8,0.0
1978-11-01,235.8062,67.5,33.573,51.6514,1359.1,14.85,5857.195,94.71,8.64,5.9,0.0
1978-12-01,237.2394,67.9,33.776,51.909,1366.0,14.85,5890.505,96.11,9.08,6.0,0.0
1979-01-01,239.757,68.5,33.654,51.6278,1371.6,14.85,5910.093,99.71,9.35,5.9,0.0
1979-02-01,243.8766,69.2,33.818,51.8752,1377.8,15.85,5933.423,98.23,9.32,5.9,0.0
1979-03-01,247.8933,69.9,33.851,52.0446,1387.8,15.85,5951.404,100.1,9.48,5.8,0.0
1979-04-01,253.7609,70.6,33.66,51.4193,1402.1,15.85,5903.905,102.1,9.46,5.8,0.0
1979-05-01,258.7349,71.4,33.755,51.8856,1410.2,18.1,5883.494,99.73,9.61,5.6,0.0
1979-06-01,263.4815,72.2,33.842,51.8965,1423.0,19.1,5880.39,101.7,9.06,5.7,0.0
1979-07-01,267.8631,73.0,33.809,51.8097,1434.8,21.75,5924.962,102.7,9.24,5.7,0.0
1979-08-01,270.6452,73.7,34.175,51.4684,1446.6,26.5,5934.384,107.4,9.52,6.0,0.0
1979-09-01,274.3761,74.4,34.259,51.4597,1454.1,28.5,5934.022,108.6,10.26,5.9,0.0
1979-10-01,276.1506,75.2,34.142,51.8334,1460.4,29.0,5934.119,104.5,11.7,6.0,0.0
1979-11-01,277.2382,76.0,34.229,51.7531,1465.9,31.0,5953.221,103.7,11.79,5.9,0.0
1979-12-01,279.7257,76.9,34.127,51.7878,1473.7,32.5,5968.38,107.8,12.04,6.0,0.0
1980-01-01,281.8501,78.0,34.401,52.0679,1482.7,32.5,5976.816,110.9,12.0,6.3,0.0
1980-02-01,285.6731,79.0,34.114,52.082,1494.6,37.0,5949.587,115.3,12.86,6.3,1.0
1980-03-01,289.3844,80.1,33.836,51.87,1499.8,38.0,5918.133,104.7,15.2,6.3,1.0
1980-04-01,290.6018,80.9,33.405,50.8397,1502.2,39.5,5911.122,103.0,13.2,6.9,1.0
1980-05-01,287.8784,81.7,33.242,49.589,1512.3,39.5,5892.81,107.7,8.58,7.5,1.0
1980-06-01,287.0378,82.5,33.398,48.9482,1529.2,39.5,5906.964,114.6,7.07,7.6,1.0
1980-07-01,288.0583,82.6,33.685,48.6039,1545.5,39.5,5950.966,119.8,8.06,7.8,1.0
1980-08-01,291.4491,83.2,33.725,48.7563,1561.5,38.0,5963.437,123.5,9.13,7.7,0.0
1980-09-01,294.7925,83.9,33.732,49.5608,1574.0,36.0,5989.16,126.5,10.27,7.5,0.0
1980-10-01,299.9573,84.7,34.153,50.1908,1584.8,36.0,6040.861,130.2,11.62,7.5,0.0
1980-11-01,307.3743,85.6,34.058,51.0311,1595.8,36.0,6055.398,135.7,13.73,7.5,0.0
1980-12-01,312.0383,86.4,34.299,51.3708,1599.8,37.0,6084.759,133.5,15.49,7.2,0.0
1981-01-01,312.4522,87.2,34.308,51.0415,1606.9,38.0,6065.141,133.0,15.02,7.5,0.0
1981-02-01,313.117,88.0,34.222,50.824,1618.7,38.0,6048.204,128.4,14.79,7.4,0.0
1981-03-01,314.3933,88.6,34.322,51.0826,1636.6,38.0,6067.35,133.2,13.36,7.4,0.0
1981-04-01,318.5024,89.1,34.199,50.858,1659.2,38.0,6056.169,134.4,13.69,7.2,0.0
1981-05-01,324.08,89.7,34.215,51.1495,1664.2,38.0,6074.295,131.7,16.3,7.5,0.0
1981-06-01,328.1726,90.5,34.447,51.4101,1670.3,36.0,6107.73,132.3,14.73,7.5,0.0
1981-07-01,331.8571,91.5,34.376,51.7471,1681.9,36.0,6199.452,129.1,14.95,7.2,0.0
1981-08-01,336.523,92.2,34.594,51.6826,1694.3,36.0,6222.937,129.6,15.51,7.4,1.0
1981-09-01,338.1155,93.1,34.367,51.4337,1706.0,36.0,6213.748,118.3,14.7,7.6,1.0
1981-10-01,341.1989,93.4,34.183,51.0281,1721.8,35.0,6190.074,119.8,13.54,7.9,1.0
1981-11-01,345.5088,93.8,34.118,50.435,1736.1,36.0,6197.172,122.9,10.86,8.3,1.0
1981-12-01,350.3077,94.1,34.328,49.8987,1755.5,35.0,6193.277,123.8,10.85,8.5,1.0
1982-01-01,354.8455,94.4,34.267,48.8685,1770.4,33.85,6179.452,117.3,12.28,8.6,1.0
1982-02-01,360.7137,94.7,34.578,49.8636,1774.5,31.56,6205.602,114.5,13.48,8.9,1.0
1982-03-01,363.9746,94.7,34.54,49.5323,1786.5,28.48,6201.39,110.8,12.68,9.0,1.0
1982-04-01,371.0565,95.0,34.56,49.075,1803.9,33.45,6244.64,116.3,12.7,9.3,1.0
1982-05-01,375.9823,95.9,34.664,48.7483,1815.4,35.93,6244.365,116.4,12.09,9.4,1.0
1982-06-01,380.5642,97.0,34.476,48.6214,1826.0,35.07,6223.394,109.7,12.47,9.6,1.0
1982-07-01,384.0437,97.5,34.678,48.4616,1831.5,34.16,6223.874,109.4,11.35,9.8,1.0
1982-08-01,385.8593,97.7,34.703,48.0192,1845.2,33.95,6236.193,109.7,8.68,9.8,1.0
1982-09-01,391.0385,97.7,35.015,47.9008,1858.4,35.63,6233.608,122.4,7.92,10.1,1.0
1982-10-01,392.3917,98.1,35.169,47.4371,1869.7,35.68,6229.736,132.7,7.71,10.4,1.0
1982-11-01,391.9751,98.0,35.452,47.283,1883.7,34.15,6253.827,138.1,8.07,10.8,1.0
1982-12-01,392.0419,97.7,35.603,46.9485,1905.9,31.72,6286.221,139.4,7.94,10.8,0.0
1983-01-01,393.1864,97.9,35.639,47.8234,1959.4,31.19,6279.297,144.3,7.86,10.4,0.0
1983-02-01,393.3556,98.0,35.63,47.5233,1996.8,28.95,6283.89,146.8,8.11,10.4,0.0
1983-03-01,393.8048,98.1,36.005,47.9244,2015.2,28.82,6314.258,151.9,8.35,10.3,0.0
1983-04-01,392.4259,98.8,36.226,48.5311,2028.6,30.61,6319.274,157.7,8.21,10.2,0.0
1983-05-01,391.4906,99.2,36.441,48.8239,2043.1,30.0,6351.636,164.1,8.19,10.1,0.0
1983-06-01,393.8395,99.4,36.792,49.123,2053.5,31.0,6360.3,166.4,8.79,10.1,0.0
1983-07-01,397.7945,99.8,37.042,49.8546,2064.8,31.66,6378.268,167.0,9.08,9.4,0.0
1983-08-01,401.5866,100.1,37.14,50.4443,2074.0,31.91,6369.041,162.4,9.34,9.5,0.0
1983-09-01,402.529,100.4,37.24,51.178,2083.2,31.11,6412.175,167.2,9.0,9.2,0.0
1983-10-01,405.7486,100.8,37.538,51.5693,2099.2,30.41,6473.198,167.7,8.64,8.8,0.0
1983-11-01,409.6174,101.1,37.623,51.7993,2112.3,29.84,6524.235,165.2,8.76,8.5,0.0
1983-12-01,413.9404,101.4,38.036,52.0594,2123.5,29.24,6581.287,164.4,9.0,8.3,0.0
1984-01-01,415.6054,102.1,38.277,53.0985,2138.2,29.69,6603.03,166.4,8.9,8.0,0.0
1984-02-01,423.5808,102.6,37.772,53.3318,2158.2,30.145,6639.713,157.3,9.09,7.8,0.0
1984-03-01,430.9463,102.9,38.087,53.5929,2175.2,30.761,6679.057,157.4,9.52,7.8,0.0
1984-04-01,437.8374,103.3,38.348,53.91,2191.7,30.618,6721.247,157.6,9.69,7.7,0.0
1984-05-01,446.3183,103.5,38.564,54.2026,2204.1,30.52,6735.713,156.6,9.83,7.4,0.0
1984-06-01,450.9723,103.7,38.824,54.4014,2215.1,29.967,6785.832,153.1,9.87,7.2,0.0
1984-07-01,455.8009,104.1,38.669,54.5521,2223.5,28.752,6800.935,151.1,10.12,7.5,0.0
1984-08-01,458.7925,104.4,38.822,54.6083,2230.4,29.25,6845.315,164.4,10.47,7.5,0.0
1984-09-01,461.9148,104.7,39.103,54.4466,2244.4,29.311,6897.723,166.1,10.37,7.3,0.0
1984-10-01,466.3545,105.1,38.973,54.4406,2258.9,28.765,6877.638,164.8,9.74,7.4,0.0
1984-11-01,470.9618,105.3,39.535,54.624,2281.4,28.098,6913.808,166.3,8.61,7.2,0.0
1984-12-01,473.3524,105.5,39.596,54.6416,2306.4,25.429,6960.651,164.5,8.06,7.3,0.0
1985-01-01,472.9868,105.7,39.951,54.6322,2332.4,25.641,6953.088,171.6,7.76,7.3,0.0
1985-02-01,476.2564,106.3,40.1,54.7825,2354.1,27.271,6958.565,180.9,8.27,7.2,0.0
1985-03-01,480.0977,106.8,40.06,54.8653,2366.2,28.238,6988.108,179.4,8.52,7.2,0.0
1985-04-01,478.6879,107.0,40.169,54.7459,2375.4,28.805,6975.177,180.6,7.95,7.3,0.0
1985-05-01,480.7952,107.2,40.63,54.8255,2389.5,27.623,6990.38,184.9,7.48,7.2,0.0
1985-06-01,482.3543,107.5,40.415,54.7989,2412.6,27.143,7015.149,188.9,6.95,7.4,0.0
1985-07-01,486.9483,107.7,40.71,54.5396,2429.5,27.329,7025.338,192.5,7.08,7.4,0.0
1985-08-01,489.7272,107.9,41.12,54.7055,2444.0,27.755,7025.068,188.3,7.14,7.1,0.0
1985-09-01,494.239,108.1,41.685,54.8906,2456.4,28.289,7057.327,184.1,7.1,7.1,0.0
1985-10-01,493.1745,108.5,41.037,54.7199,2468.0,29.538,7091.229,186.2,7.16,7.1,0.0
1985-11-01,497.1682,109.0,41.146,54.9124,2477.8,30.813,7102.139,197.5,7.24,7.0,0.0
1985-12-01,498.9813,109.5,41.601,55.4412,2492.1,27.228,7145.546,207.3,7.1,7.0,0.0
1986-01-01,500.4754,109.9,41.643,55.7481,2502.1,22.945,7140.925,208.2,7.07,6.7,0.0
1986-02-01,501.4284,109.7,41.54,55.3568,2512.9,15.442,7176.182,219.4,7.06,7.2,0.0
1986-03-01,505.219,109.1,41.682,54.9625,2533.1,12.618,7243.924,232.3,6.56,7.2,0.0
1986-04-01,507.336,108.7,41.939,55.0413,2557.8,12.847,7267.821,238.0,6.06,7.1,0.0
1986-05-01,507.9494,109.0,42.191,55.1226,2584.8,15.444,7275.711,238.5,6.15,7.2,0.0
1986-06-01,511.2815,109.4,42.096,54.9005,2605.0,13.469,7277.787,245.3,6.21,7.2,0.0
1986-07-01,512.8867,109.5,42.373,55.2592,2626.6,11.575,7312.343,240.2,5.83,7.0,0.0
1986-08-01,514.9309,109.6,42.576,55.1567,2646.5,15.092,7327.756,245.0,5.53,6.9,0.0
1986-09-01,517.5387,110.0,43.509,55.2975,2667.8,14.913,7334.44,238.3,5.21,7.0,0.0
1986-10-01,517.528,110.2,42.862,55.5332,2687.4,14.852,7336.284,237.4,5.18,7.0,0.0
1986-11-01,523.9441,110.4,42.72,55.7557,2701.3,15.207,7347.933,245.1,5.35,6.9,0.0
1986-12-01,539.3086,110.8,43.662,56.2845,2728.0,16.076,7373.793,248.6,5.53,6.6,0.0
1987-01-01,548.8817,111.4,42.566,56.0882,2743.9,18.656,7361.633,264.5,5.43,6.6,0.0
1987-02-01,547.3783,111.8,43.374,56.8275,2747.5,17.726,7383.378,280.9,5.59,6.6,0.0
1987-03-01,548.1938,112.2,43.426,56.9098,2753.7,18.305,7400.008,292.5,5.59,6.6,0.0
1987-04-01,549.3757,112.7,43.632,57.2701,2767.7,18.643,7394.617,289.3,5.64,6.3,0.0
1987-05-01,551.5846,113.0,43.658,57.6322,2772.9,19.415,7439.064,289.1,5.66,6.3,0.0
1987-06-01,554.5518,113.5,43.841,57.9307,2774.6,20.034,7432.017,301.4,5.67,6.2,0.0
1987-07-01,553.2904,113.8,44.054,58.3258,2779.0,21.355,7457.261,310.1,5.69,6.1,0.0
1987-08-01,553.955,114.3,44.391,58.7636,2788.2,20.274,7496.646,329.4,6.04,6.0,0.0
1987-09-01,561.1577,114.7,44.182,58.9951,2799.5,19.526,7503.262,318.7,6.4,5.9,0.0
1987-10-01,563.0739,115.0,44.155,59.781,2814.8,19.848,7552.866,280.2,6.13,6.0,0.0
1987-11-01,562.6052,115.4,44.207,60.0726,2818.9,18.92,7589.74,245.0,5.69,5.8,0.0
1987-12-01,565.2319,115.6,44.545,60.4095,2826.4,17.241,7675.619,241.0,5.77,5.7,0.0
1988-01-01,567.18,116.0,44.927,60.3976,2847.4,17.16,7669.267,250.5,5.81,5.7,0.0
1988-02-01,568.4762,116.2,44.969,60.7003,2870.4,16.765,7703.832,258.1,5.66,5.7,0.0
1988-03-01,571.2544,116.5,45.359,60.8501,2890.7,16.217,7724.295,265.7,5.7,5.7,0.0
1988-04-01,577.398,117.2,45.173,61.2031,2910.7,17.875,7744.299,262.6,5.91,5.4,0.0
1988-05-01,583.868,117.5,45.466,61.0797,2926.0,17.438,7751.91,256.1,6.26,5.6,0.0
1988-06-01,588.9893,118.0,45.615,61.2569,2938.4,16.53,7779.471,270.7,6.46,5.4,0.0
1988-07-01,593.791,118.5,45.725,61.2659,2947.2,15.498,7814.33,269.1,6.73,5.4,0.0
1988-08-01,594.3887,119.0,45.934,61.5731,2952.0,15.524,7834.98,263.7,7.06,5.6,0.0
1988-09-01,595.3106,119.5,45.806,61.3807,2956.9,14.467,7850.303,268.0,7.24,5.4,0.0
1988-10-01,599.0389,119.9,46.181,61.6453,2965.3,13.798,7894.044,277.4,7.35,5.4,0.0
1988-11-01,601.1266,120.3,46.298,61.7944,2980.2,13.977,7896.3,271.0,7.76,5.3,0.0
1988-12-01,604.8488,120.7,46.55,62.0743,2988.2,16.266,7936.204,276.5,8.07,5.3,0.0
1989-01-01,606.3592,121.2,46.633,62.2574,2991.7,17.983,8007.589,285.4,8.27,5.4,0.0
1989-02-01,617.125,121.6,46.535,61.9819,2992.2,17.826,8030.962,294.0,8.53,5.2,0.0
1989-03-01,616.3839,122.2,46.505,62.1369,2999.7,19.445,8072.817,292.7,8.82,5.0,0.0
1989-04-01,619.1666,123.1,46.781,62.1276,3006.0,21.04,8041.025,302.3,8.65,5.2,0.0
1989-05-01,624.3541,123.7,46.726,61.7744,3011.6,20.032,8006.298,313.9,8.43,5.2,0.0
1989-06-01,624.2126,124.1,46.818,61.7697,3027.9,20.005,8028.717,323.7,8.15,5.3,0.0
1989-07-01,630.8649,124.5,46.957,61.1738,3052.4,19.644,8055.26,331.9,7.88,5.2,0.0
1989-08-01,635.119,124.5,47.408,61.7732,3074.4,18.522,8072.841,346.6,7.9,5.2,0.0
1989-09-01,637.0275,124.8,47.319,61.5796,3092.5,19.594,8095.196,347.3,7.75,5.3,0.0
1989-10-01,639.3536,125.4,47.287,61.4966,3114.1,20.091,8134.089,347.4,7.64,5.3,0.0
1989-11-01,639.7143,125.9,47.31,61.7044,3133.3,19.82,8142.33,340.2,7.69,5.4,0.0
1989-12-01,637.9449,126.3,47.702,62.0428,3152.5,21.088,8149.087,348.6,7.63,5.4,0.0
1990-01-01,635.7875,127.5,47.94,61.729,3166.8,22.641,8170.022,339.97,7.64,5.4,0.0
1990-02-01,636.5317,128.0,47.698,62.2896,3179.2,22.108,8195.397,330.45,7.74,5.3,0.0
1990-03-01,638.2437,128.6,47.859,62.5999,3190.1,20.418,8203.337,338.46,7.9,5.2,0.0
1990-04-01,640.9802,128.9,47.95,62.4359,3201.6,18.582,8255.647,338.18,7.77,5.4,0.0
1990-05-01,639.811,129.1,47.916,62.6258,3200.6,18.237,8246.75,350.25,7.74,5.4,0.0
1990-06-01,641.3645,129.9,48.068,62.8382,3213.7,16.871,8260.44,360.39,7.73,5.2,0.0
1990-07-01,639.7963,130.5,48.166,62.7284,3224.5,18.638,8288.531,360.03,7.62,5.5,0.0
1990-08-01,640.2745,131.6,48.181,62.9475,3242.0,27.174,8236.691,330.75,7.45,5.7,1.0
1990-09-01,639.3691,132.5,48.158,62.9523,3254.6,33.687,8233.907,315.41,7.36,5.9,1.0
1990-10-01,637.518,133.4,47.889,62.5845,3259.3,35.922,8167.115,307.12,7.17,5.9,1.0
1990-11-01,639.1886,133.7,47.845,61.7887,3262.6,32.3,8168.212,315.29,7.06,6.2,1.0
1990-12-01,642.0284,134.2,47.67,61.3352,3271.8,27.337,8210.825,328.75,6.74,6.3,1.0
1991-01-01,636.1319,134.7,47.241,61.1355,3287.7,24.959,8157.383,325.49,6.22,6.4,1.0
1991-02-01,635.9164,134.8,47.533,60.6838,3304.5,20.523,8164.096,362.26,5.94,6.6,1.0
1991-03-01,635.219,134.8,48.092,60.3346,3321.9,19.86,8176.58,372.28,5.91,6.8,1.0
1991-04-01,631.3454,135.1,47.933,60.4938,3332.4,20.823,8208.244,379.68,5.65,6.7,0.0
1991-05-01,627.7868,135.6,48.055,61.0633,3343.0,21.24,8209.444,377.99,5.46,6.9,0.0
1991-06-01,626.1112,136.0,48.063,61.5581,3351.9,20.195,8252.295,378.29,5.57,6.9,0.0
1991-07-01,623.1573,136.2,48.297,61.7305,3356.1,21.42,8233.054,380.23,5.58,6.8,0.0
1991-08-01,618.3468,136.6,48.224,61.7298,3355.0,21.688,8248.575,389.4,5.33,6.9,0.0
1991-09-01,620.4959,137.0,48.247,62.2195,3354.9,21.857,8273.586,387.2,5.22,6.9,0.0
1991-10-01,620.9588,137.2,48.053,62.1855,3360.1,23.228,8284.054,386.88,4.99,7.0,0.0
1991-11-01,618.4141,137.8,48.28,62.0871,3365.5,22.465,8296.928,385.92,4.56,7.0,0.0
1991-12-01,618.8362,138.2,48.363,61.7852,3372.2,19.517,8365.723,388.51,4.07,7.3,0.0
1992-01-01,613.5738,138.3,49.068,61.4616,3381.2,18.82,8405.155,416.08,3.8,7.3,0.0
1992-02-01,609.6743,138.6,49.123,61.8955,3400.0,18.995,8444.994,412.56,3.84,7.4,0.0
1992-03-01,607.3438,139.1,49.213,62.4232,3403.9,18.916,8457.388,407.36,4.04,7.4,0.0
1992-04-01,604.4206,139.4,49.254,62.897,3399.7,20.243,8487.783,407.41,3.75,7.4,0.0
1992-05-01,602.2525,139.7,49.509,63.104,3398.6,20.94,8531.932,414.81,3.63,7.6,0.0
1992-06-01,600.7283,140.1,49.643,63.1363,3393.4,22.375,8566.719,408.27,3.66,7.8,0.0
1992-07-01,599.2521,140.5,49.808,63.7176,3393.9,21.759,8559.118,415.05,3.21,7.7,0.0
1992-08-01,597.2831,140.8,49.932,63.3613,3398.8,21.35,8591.676,417.93,3.13,7.6,0.0
1992-09-01,598.3956,141.1,50.257,63.5703,3410.3,21.902,8558.368,418.48,2.91,7.6,0.0
1992-10-01,596.8324,141.7,50.426,63.9995,3423.8,21.688,8515.933,412.5,2.86,7.3,0.0
1992-11-01,596.8948,142.1,50.512,64.2422,3426.5,20.342,8534.33,422.84,3.13,7.4,0.0
1992-12-01,596.9202,142.3,50.845,64.3507,3424.7,19.407,8845.712,435.64,3.22,7.4,0.0
1993-01-01,595.4533,142.8,50.772,64.5978,3419.1,19.075,8602.353,435.23,3.0,7.3,0.0
1993-02-01,593.4074,143.1,50.866,64.9089,3414.5,20.053,8642.143,441.7,2.93,7.1,0.0
1993-03-01,591.3007,143.3,50.728,64.8522,3411.7,20.347,8619.726,450.16,2.95,7.0,0.0
1993-04-01,585.5795,143.8,51.07,65.0301,3411.3,20.27,8684.645,443.08,2.87,7.1,0.0
1993-05-01,588.0061,144.2,51.248,64.784,3436.9,19.94,8682.682,445.25,2.96,7.1,0.0
1993-06-01,589.9095,144.3,51.434,64.9301,3442.4,19.07,8671.95,448.06,3.07,7.0,0.0
1993-07-01,587.9277,144.5,51.687,65.1052,3442.0,17.866,8699.937,447.29,3.04,6.9,0.0
1993-08-01,587.8156,144.8,51.739,65.0267,3445.7,18.009,8718.737,454.13,3.02,6.8,0.0
1993-09-01,585.4565,145.0,52.036,65.3717,3452.2,17.514,8699.123,459.24,2.95,6.7,0.0
1993-10-01,583.9072,145.6,52.117,65.8509,3456.7,18.145,8662.656,463.9,3.02,6.8,0.0
1993-11-01,584.0483,146.0,52.263,66.1518,3470.1,16.699,8684.88,462.89,3.1,6.6,0.0
1993-12-01,583.9928,146.3,52.447,66.5436,3474.5,14.51,8986.914,465.95,3.06,6.5,0.0
1994-01-01,587.4178,146.3,52.59,66.7351,3474.9,15.0,8808.902,472.99,2.98,6.6,0.0
1994-02-01,587.9219,146.7,53.012,66.774,3475.7,14.78,8817.405,471.58,3.25,6.6,0.0
1994-03-01,594.7889,147.1,53.019,67.4552,3480.1,14.66,8840.918,463.81,3.5,6.5,0.0
1994-04-01,600.4038,147.2,53.243,67.8541,3481.3,16.38,8923.036,447.23,3.68,6.4,0.0
1994-05-01,604.7512,147.5,53.147,68.1663,3490.8,17.88,8941.155,450.9,4.14,6.1,0.0
1994-06-01,608.7014,147.9,53.465,68.6265,3479.5,19.07,8929.074,454.83,4.14,6.1,0.0
1994-07-01,616.5733,148.4,53.43,68.7178,3488.2,19.65,8944.497,451.4,4.33,6.1,0.0
1994-08-01,622.3122,149.0,53.782,69.1785,3485.7,18.38,8957.46,464.24,4.48,6.0,0.0
1994-09-01,625.0522,149.3,53.862,69.3961,3486.1,17.46,8996.696,466.96,4.62,5.9,0.0
1994-10-01,631.6197,149.4,54.197,69.9544,3484.3,17.71,9076.95,463.81,4.95,5.8,0.0
1994-11-01,638.4621,149.8,54.237,70.4326,3487.2,18.1,9074.779,461.01,5.29,5.6,0.0
1994-12-01,643.9879,150.1,54.381,71.1523,3486.4,17.16,9117.741,455.19,5.6,5.5,0.0
1995-01-01,654.3104,150.5,54.379,71.2734,3492.4,17.99,9159.706,465.25,5.71,5.6,0.0
1995-02-01,666.3843,150.9,54.278,71.193,3489.9,18.53,9180.168,481.92,5.77,5.4,0.0
1995-03-01,673.4962,151.2,54.564,71.3113,3491.1,18.55,9203.415,493.15,5.73,5.4,0.0
1995-04-01,677.4348,151.8,54.475,71.1882,3499.2,19.87,9214.181,507.91,5.65,5.8,0.0
1995-05-01,686.0514,152.1,54.869,71.5378,3524.2,19.74,9221.249,523.81,5.67,5.6,0.0
1995-06-01,690.3815,152.4,55.308,71.7749,3548.9,18.42,9255.248,539.35,5.47,5.6,0.0
1995-07-01,698.6658,152.6,55.158,71.4748,3567.4,17.3,9286.334,557.37,5.42,5.7,0.0
1995-08-01,703.1401,152.9,55.428,72.4223,3589.0,18.03,9299.788,559.11,5.4,5.7,0.0
1995-09-01,706.2303,153.1,55.558,72.7144,3602.1,18.23,9335.583,578.77,5.28,5.6,0.0
1995-10-01,706.4451,153.5,55.342,72.5866,3613.4,17.44,9349.228,582.92,5.28,5.5,0.0
1995-11-01,712.7022,153.7,55.803,72.7779,3619.9,17.99,9379.567,595.53,5.36,5.6,0.0
1995-12-01,715.1002,153.9,56.158,73.0305,3629.5,19.04,9396.526,614.57,5.14,5.6,0.0
1996-01-01,721.7298,154.7,55.905,72.6125,3647.9,18.88,9428.309,614.42,5.0,5.6,0.0
1996-02-01,723.945,155.0,56.334,73.6752,3661.8,19.07,9506.777,649.54,4.83,5.5,0.0
1996-03-01,727.1887,155.5,56.607,73.585,3686.9,21.36,9539.993,647.07,4.96,5.5,0.0
1996-04-01,731.9809,156.1,56.816,74.3172,3697.7,23.57,9565.104,647.17,4.95,5.6,0.0
1996-05-01,736.1981,156.4,56.89,74.8726,3709.6,21.25,9606.394,661.23,5.02,5.6,0.0
1996-06-01,741.3047,156.7,56.956,75.4433,3722.5,20.45,9670.238,668.5,5.09,5.3,0.0
1996-07-01,745.2041,157.0,57.077,75.4549,3737.1,21.32,9650.331,644.07,5.15,5.5,0.0
1996-08-01,748.1998,157.2,57.273,75.8411,3744.0,21.96,9681.266,662.68,5.05,5.1,0.0
1996-09-01,758.824,157.7,57.346,76.3158,3753.4,23.99,9708.672,674.88,5.09,5.2,0.0
1996-10-01,766.2964,158.2,57.516,76.3384,3772.8,24.9,9710.076,701.46,4.99,5.2,0.0
1996-11-01,772.1146,158.7,57.659,77.0397,3795.1,23.71,9741.024,735.67,5.03,5.4,0.0
1996-12-01,778.5077,159.1,57.888,77.5333,3818.6,25.39,9778.588,743.25,4.91,5.4,0.0
1997-01-01,782.1925,159.4,58.162,77.6562,3834.6,25.17,9834.79,766.22,5.03,5.3,0.0
1997-02-01,788.9324,159.7,58.285,78.5833,3846.3,22.21,9865.668,798.39,5.01,5.2,0.0
1997-03-01,795.3782,159.8,58.441,79.082,3861.2,20.99,9912.112,792.16,5.14,5.2,0.0
1997-04-01,803.8042,159.9,58.438,79.1747,3877.0,19.72,9919.423,763.93,5.16,5.1,0.0
1997-05-01,808.9736,159.9,58.474,79.6133,3889.2,20.83,9964.583,833.09,5.05,4.9,0.0
1997-06-01,813.3984,160.2,58.763,79.9792,3906.0,19.17,10000.824,876.29,4.93,5.0,0.0
1997-07-01,816.7129,160.4,59.312,80.6624,3923.9,19.63,10045.882,925.29,5.05,4.9,0.0
1997-08-01,822.9157,160.8,59.672,81.4694,3957.4,19.93,10105.556,927.24,5.14,4.8,0.0
1997-09-01,830.3257,161.2,59.684,82.2156,3973.1,19.79,10136.11,937.02,4.95,4.9,0.0
1997-10-01,834.4586,161.5,59.989,82.9446,3992.3,21.26,10189.34,951.16,4.97,4.7,0.0
1997-11-01,839.8971,161.7,60.235,83.5978,4014.8,20.17,10262.137,938.92,5.14,4.6,0.0
1997-12-01,844.8364,161.8,60.579,83.9538,4032.9,18.32,10325.103,962.37,5.16,4.7,0.0
1998-01-01,855.3153,162.0,60.525,84.3218,4056.2,16.71,10417.404,963.36,5.04,4.6,0.0
1998-02-01,862.0974,162.0,60.918,84.4583,4088.9,16.06,10490.223,1023.74,5.09,4.6,0.0
1998-03-01,865.7996,162.0,61.189,84.488,4114.3,15.02,10555.838,1076.83,5.03,4.7,0.0
1998-04-01,864.2988,162.2,61.516,84.7779,4140.2,15.44,10595.962,1112.2,4.95,4.3,0.0
1998-05-01,875.6518,162.6,61.961,85.3367,4164.4,14.86,10645.347,1108.42,5.0,4.4,0.0
1998-06-01,891.15,162.8,62.372,84.8248,4184.1,13.66,10707.166,1108.39,4.98,4.5,0.0
1998-07-01,897.8608,163.2,62.412,84.4986,4203.8,14.08,10726.5,1156.58,4.96,4.5,0.0
1998-08-01,904.3571,163.4,62.697,86.248,4228.7,13.36,10767.064,1074.62,4.9,4.5,0.0
1998-09-01,912.8299,163.5,63.163,86.2021,4267.7,14.95,10803.967,1020.64,4.61,4.6,0.0
1998-10-01,932.1106,163.9,63.376,86.7914,4307.9,14.39,10823.508,1032.47,3.96,4.5,0.0
1998-11-01,942.2355,164.1,63.548,86.7256,4346.6,12.85,10874.887,1144.43,4.41,4.4,0.0
1998-12-01,938.7909,164.4,64.067,87.1185,4375.6,11.28,10900.473,1190.05,4.39,4.4,0.0
1999-01-01,937.4063,164.7,64.013,87.4949,4403.0,12.47,10942.984,1248.77,4.34,4.3,0.0
1999-02-01,935.6172,164.7,64.316,88.027,4425.8,12.01,10988.184,1246.58,4.44,4.4,0.0
1999-03-01,944.2363,164.8,64.624,88.2267,4432.6,14.66,11000.779,1281.66,4.44,4.2,0.0
1999-04-01,947.1871,165.9,65.011,88.4295,4461.4,17.34,10969.064,1334.76,4.29,4.3,0.0
1999-05-01,942.0807,166.0,65.311,88.9886,4486.1,17.75,10994.059,1332.07,4.5,4.2,0.0
1999-06-01,949.8025,166.0,65.586,88.9188,4508.0,17.89,11033.786,1322.55,4.57,4.3,0.0
1999-07-01,958.6382,166.7,65.697,89.4333,4535.4,20.07,11061.061,1380.99,4.55,4.3,0.0
1999-08-01,969.3807,167.1,66.041,89.7924,4552.7,21.26,11111.719,1327.49,4.72,4.2,0.0
1999-09-01,975.6399,167.8,66.372,89.4299,4568.8,23.88,11105.537,1318.17,4.68,4.2,0.0
1999-10-01,979.0983,168.1,66.518,90.523,4592.7,22.64,11171.257,1300.01,4.86,4.1,0.0
1999-11-01,1000.2986,168.4,66.845,90.9618,4611.8,24.97,11247.83,1391.0,5.07,4.1,0.0
1999-12-01,1000.6226,168.8,67.645,91.6634,4639.3,26.08,11339.82,1428.68,5.2,4.0,0.0
2000-01-01,1003.1482,169.3,67.481,91.538,4667.6,27.18,11441.669,1425.59,5.32,4.0,0.0
2000-02-01,1016.2395,170.0,68.116,91.8239,4680.9,29.35,11488.814,1388.87,5.55,4.1,0.0
2000-03-01,1026.2416,171.0,68.451,92.1504,4711.7,29.89,11520.777,1442.21,5.69,4.0,0.0
2000-04-01,1035.2058,170.9,68.431,92.6989,4767.8,25.74,11582.719,1461.36,5.66,3.8,0.0
2000-05-01,1051.7891,171.2,68.688,92.9499,4755.7,28.78,11624.34,1418.48,5.79,4.0,0.0
2000-06-01,1062.7574,172.2,68.834,92.9862,4773.6,31.83,11657.461,1461.96,5.69,4.0,0.0
2000-07-01,1068.6389,172.7,68.882,92.8048,4791.3,29.77,11719.57,1473.0,5.96,4.0,0.0
2000-08-01,1071.8339,172.7,69.236,92.5521,4819.5,31.22,11783.694,1485.46,6.09,4.1,0.0
2000-09-01,1073.3289,173.6,69.808,92.9792,4855.2,33.88,11794.536,1468.05,6.0,3.9,0.0
2000-10-01,1078.8326,173.9,69.765,92.6179,4871.3,33.08,11824.829,1390.14,6.11,3.9,0.0
2000-11-01,1080.5634,174.2,69.829,92.6438,4882.7,34.4,11832.213,1378.04,6.17,3.9,0.0
2000-12-01,1084.8969,174.6,70.149,92.3415,4927.6,28.46,11859.86,1330.93,5.77,3.9,0.0
2001-01-01,1093.6156,175.6,70.164,91.902,4978.3,29.58,11932.006,1335.63,5.15,4.2,0.0
2001-02-01,1093.8498,176.0,70.199,91.3034,5017.0,29.61,11960.086,1305.75,4.88,4.2,0.0
2001-03-01,1092.1973,176.1,70.141,91.1162,5074.8,27.24,12003.752,1185.85,4.42,4.3,0.0
2001-04-01,1089.2749,176.4,70.094,90.7891,5139.1,27.41,11981.996,1189.84,3.87,4.4,1.0
2001-05-01,1083.9579,177.3,70.394,90.3555,5137.2,28.64,11953.393,1270.37,3.62,4.3,1.0
2001-06-01,1071.9119,177.7,70.438,89.8784,5180.1,27.6,11940.34,1238.71,3.49,4.5,1.0
2001-07-01,1063.9525,177.4,70.588,89.3028,5210.0,26.45,11940.991,1204.45,3.51,4.6,1.0
2001-08-01,1055.8851,177.4,70.989,89.2003,5243.8,27.47,11924.877,1178.5,3.36,4.9,1.0
2001-09-01,1059.5265,178.1,70.084,88.7485,5355.1,25.88,11930.997,1044.64,2.64,5.0,1.0
2001-10-01,1045.2523,177.6,71.89,88.5052,5343.8,22.21,11904.934,1076.59,2.16,5.3,1.0
2001-11-01,1034.2084,177.5,71.633,87.97,5387.5,19.67,11910.073,1129.68,1.87,5.5,1.0
2001-12-01,1021.5675,177.4,71.552,87.9324,5440.5,19.33,11929.854,1144.93,1.69,5.7,0.0
2002-01-01,1011.7855,177.7,71.667,88.5176,5460.9,19.67,11952.127,1140.21,1.65,5.7,0.0
2002-02-01,1016.4296,178.0,71.951,88.5278,5490.2,20.74,11953.58,1100.67,1.72,5.7,0.0
2002-03-01,1012.0572,178.5,71.937,89.1686,5502.0,24.42,11946.054,1153.79,1.79,5.7,0.0
2002-04-01,1000.4692,179.3,72.321,89.604,5502.1,26.27,11960.946,1111.93,1.71,5.9,0.0
2002-05-01,990.7703,179.5,72.041,89.964,5528.3,27.02,11993.987,1079.25,1.73,5.8,0.0
2002-06-01,983.8954,179.6,72.283,90.7061,5553.3,25.52,12023.36,1014.02,1.7,5.8,0.0
2002-07-01,976.6186,180.0,72.762,90.6769,5596.0,26.94,11987.388,903.59,1.68,5.8,0.0
2002-08-01,972.4442,180.5,72.868,90.5762,5638.3,28.38,11987.158,912.55,1.62,5.7,0.0
2002-09-01,966.4242,180.8,72.531,90.6531,5662.3,29.67,11994.021,867.81,1.63,5.7,0.0
2002-10-01,963.2808,181.2,72.827,90.4643,5707.1,28.85,12014.38,854.63,1.58,5.7,0.0
2002-11-01,960.7924,181.5,73.035,90.9711,5758.1,26.27,12040.567,909.93,1.23,5.9,0.0
2002-12-01,957.7599,181.8,73.513,90.4652,5779.4,29.42,12067.267,899.18,1.19,6.0,0.0
2003-01-01,950.1322,182.6,73.503,91.2361,5812.1,32.94,12033.66,895.84,1.17,5.8,0.0
2003-02-01,941.2618,183.6,73.266,91.3445,5848.2,35.87,11991.075,837.03,1.17,5.9,0.0
2003-03-01,937.7421,183.9,73.687,91.1044,5868.4,33.55,12008.784,846.63,1.13,5.9,0.0
2003-04-01,935.3311,183.2,74.035,90.5617,5905.5,28.25,12058.25,890.03,1.13,6.0,0.0
2003-05-01,923.877,182.9,74.273,90.537,5965.3,28.14,12147.017,935.96,1.07,6.1,0.0
2003-06-01,917.209,183.1,74.671,90.6527,6002.2,30.72,12186.558,988.0,0.92,6.3,0.0
2003-07-01,921.4341,183.7,75.008,91.1185,6049.1,30.76,12197.554,992.54,0.9,6.2,0.0
2003-08-01,909.5964,184.5,75.672,90.9197,6107.1,31.59,12216.821,989.53,0.95,6.1,0.0
2003-09-01,899.9446,185.1,75.452,91.5059,6079.7,28.29,12234.634,1019.44,0.94,6.1,0.0
2003-10-01,887.2151,184.9,75.574,91.6186,6070.0,30.33,12281.469,1038.73,0.92,6.0,0.0
2003-11-01,882.0882,185.0,76.008,92.2329,6075.5,31.09,12352.377,1049.9,0.93,5.8,0.0
2003-12-01,883.655,185.5,76.108,92.2602,6073.8,32.15,12356.981,1080.64,0.9,5.7,0.0
2004-01-01,876.2356,186.3,76.355,92.4006,6082.1,34.27,12332.995,1132.52,0.88,5.7,0.0
2004-02-01,874.2774,186.7,76.51,92.958,6121.8,34.74,12349.224,1143.36,0.93,5.6,0.0
2004-03-01,869.5143,187.1,76.947,92.5861,6157.9,36.76,12393.884,1123.98,0.94,5.8,0.0
2004-04-01,864.7337,187.4,76.884,92.93,6198.9,36.69,12433.863,1133.36,0.94,5.6,0.0
2004-05-01,862.6995,188.2,77.289,93.6013,6275.7,40.28,12499.431,1102.78,1.02,5.6,0.0
2004-06-01,869.0455,188.9,76.892,92.871,6277.9,38.02,12511.921,1132.76,1.27,5.6,0.0
2004-07-01,878.117,189.1,77.568,93.5649,6291.1,40.69,12556.147,1105.85,1.33,5.5,0.0
2004-08-01,882.8316,189.2,77.855,93.6277,6317.8,44.94,12606.222,1088.94,1.48,5.4,0.0
2004-09-01,886.7373,189.8,78.358,93.7467,6352.2,45.95,12621.706,1117.66,1.65,5.4,0.0
2004-10-01,889.5302,190.8,78.542,94.5465,6379.8,53.13,12628.422,1117.21,1.76,5.5,0.0
2004-11-01,897.9707,191.7,78.683,94.7813,6406.3,48.46,12595.005,1168.94,2.07,5.4,0.0
2004-12-01,906.5194,191.7,79.199,95.5365,6424.5,43.33,13020.595,1199.21,2.19,5.4,0.0
2005-01-01,921.3183,191.6,79.033,95.8801,6430.8,46.84,12665.162,1181.41,2.33,5.3,0.0
2005-02-01,931.6006,192.4,79.383,96.5761,6438.9,47.97,12674.095,1199.63,2.54,5.4,0.0
2005-03-01,945.8622,193.1,79.51,96.4456,6448.3,54.31,12716.359,1194.9,2.74,5.2,0.0
2005-04-01,958.801,193.7,80.026,96.6532,6461.8,53.04,12759.492,1164.43,2.78,5.2,0.0
2005-05-01,968.6237,193.6,79.917,96.7402,6479.0,49.83,12815.998,1178.28,2.84,5.1,0.0
2005-06-01,975.0068,193.7,80.62,97.1753,6511.7,56.26,12849.466,1202.25,2.97,5.0,0.0
2005-07-01,989.703,194.9,81.199,96.8676,6543.5,58.7,12868.735,1222.24,3.22,5.0,0.0
2005-08-01,995.5061,196.1,80.839,97.1833,6576.3,64.97,12891.416,1224.27,3.44,4.9,0.0
2005-09-01,1000.7563,198.8,80.521,95.3005,6610.1,65.57,12850.144,1225.92,3.42,5.0,0.0
2005-10-01,1014.6763,199.1,80.738,96.4572,6643.9,62.37,12925.11,1191.96,3.71,5.0,0.0
2005-11-01,1023.0361,198.1,80.976,97.5414,6660.7,58.3,13010.071,1237.37,3.88,5.0,0.0
2005-12-01,1036.3155,198.1,81.292,98.0452,6687.8,59.43,13055.374,1262.07,3.89,4.9,0.0
2006-01-01,1048.677,199.3,81.714,98.1999,6730.1,65.51,13214.527,1278.73,4.24,4.7,0.0
2006-02-01,1058.2694,199.4,81.885,98.2413,6754.7,61.63,13283.182,1276.65,4.43,4.8,0.0
2006-03-01,1068.6019,199.7,82.057,98.4628,6769.3,62.9,13340.072,1293.74,4.51,4.7,0.0
2006-04-01,1085.217,200.7,82.203,98.7618,6806.9,69.69,13347.045,1302.17,4.6,4.7,0.0
2006-05-01,1103.3153,201.3,82.341,98.7869,6813.7,70.94,13336.874,1290.01,4.72,4.6,0.0
2006-06-01,1118.8134,201.8,82.386,99.0997,6851.8,70.96,13353.303,1253.17,4.79,4.6,0.0
2006-07-01,1130.7415,202.9,82.851,99.0489,6893.6,74.41,13342.387,1260.24,4.95,4.7,0.0
2006-08-01,1151.7102,203.8,82.576,99.4836,6925.1,73.05,13329.621,1287.15,4.96,4.7,0.0
2006-09-01,1150.8735,202.8,83.088,99.3183,6952.4,63.87,13408.301,1317.74,4.81,4.5,0.0
2006-10-01,1161.5392,201.9,83.447,99.2044,7001.7,58.88,13479.95,1363.38,4.92,4.4,0.0
2006-11-01,1170.5212,202.0,83.477,99.1627,7037.2,59.37,13547.935,1388.64,4.94,4.5,0.0
2006-12-01,1182.8014,203.1,83.961,100.1735,7080.1,62.03,13627.346,1416.42,4.85,4.4,0.0
2007-01-01,1192.29,203.437,84.127,99.8346,7118.3,54.57,13651.743,1424.16,4.98,4.6,0.0
2007-02-01,1204.8529,204.226,84.106,100.7753,7134.3,59.26,13711.191,1444.8,5.03,4.5,0.0
2007-03-01,1215.6537,205.288,84.2,100.9547,7168.2,60.56,13762.811,1406.95,4.94,4.4,0.0
2007-04-01,1226.6366,205.904,84.281,101.6334,7240.7,63.97,13784.697,1463.64,4.87,4.5,0.0
2007-05-01,1244.7308,206.755,84.405,101.7306,7254.6,63.46,13791.861,1511.14,4.73,4.4,0.0
2007-06-01,1263.9333,207.234,84.409,101.7893,7287.8,67.48,13786.416,1514.19,4.61,4.6,0.0
2007-07-01,1281.8644,207.603,84.666,101.6672,7318.7,74.18,13795.953,1520.71,4.82,4.7,0.0
2007-08-01,1306.9108,207.667,85.023,101.863,7394.8,72.39,13795.066,1454.62,4.2,4.6,0.0
2007-09-01,1349.608,208.547,85.095,102.0894,7413.0,79.93,13813.791,1497.12,3.89,4.7,0.0
2007-10-01,1375.0587,209.19,85.162,101.8015,7428.1,86.2,13796.513,1539.66,3.9,4.7,0.0
2007-11-01,1394.4104,210.834,85.34,102.3446,7453.6,94.62,13787.506,1463.39,3.27,4.7,0.0
2007-12-01,1418.0137,211.445,85.286,102.3803,7483.9,91.73,13846.539,1479.22,3.0,5.0,0.0
2008-01-01,1440.7731,212.174,85.272,102.2448,7517.5,92.95,13862.766,1378.76,2.75,5.0,1.0
2008-02-01,1448.8634,212.687,84.977,101.8438,7604.0,95.35,13877.177,1354.87,2.12,4.9,1.0
2008-03-01,1470.5797,213.448,85.189,101.5336,7670.0,105.56,13893.695,1316.94,1.26,5.1,1.0
2008-04-01,1490.1961,213.942,85.327,100.8785,7712.5,112.57,13854.44,1370.47,1.29,5.0,1.0
2008-05-01,1491.5275,215.208,85.486,100.2674,7725.2,125.39,14441.892,1403.22,1.73,5.4,1.0
2008-06-01,1498.3048,217.463,85.328,100.0335,7743.9,133.93,14094.894,1341.25,1.86,5.6,1.0
2008-07-01,1512.2658,219.016,84.917,99.676,7791.2,133.44,13867.615,1257.33,1.63,5.8,1.0
2008-08-01,1512.8682,218.69,84.907,98.1111,7805.8,116.61,13780.34,1281.47,1.72,6.1,1.0
2008-09-01,1530.4048,218.877,84.343,93.7895,7872.4,103.9,13789.923,1216.95,1.13,6.1,1.0
2008-10-01,1586.9164,216.995,84.213,94.7219,7974.9,76.65,13883.254,968.8,0.67,6.5,1.0
2008-11-01,1576.3301,213.153,83.955,93.4715,8027.0,57.44,13982.019,883.04,0.19,6.8,1.0
2008-12-01,1559.194,211.398,83.711,90.8357,8204.7,41.02,13891.878,877.56,0.03,7.3,1.0
2009-01-01,1544.5985,211.933,84.092,88.57,8289.0,41.74,13762.24,865.58,0.13,7.8,1.0
2009-02-01,1532.4425,212.705,83.747,88.031,8319.3,39.16,13603.699,805.23,0.3,8.3,1.0
2009-03-01,1511.0127,212.495,83.401,86.6528,8386.4,47.98,13570.847,757.13,0.21,8.7,1.0
2009-04-01,1491.647,212.709,83.277,85.9344,8391.1,49.79,13601.477,848.15,0.16,9.0,1.0
2009-05-01,1469.7132,213.022,83.353,85.0665,8449.2,59.16,13779.884,902.41,0.18,9.4,1.0
2009-06-01,1436.3434,214.79,83.376,84.7459,8459.3,69.68,13544.781,926.12,0.18,9.5,1.0
2009-07-01,1395.4735,214.726,83.654,85.7027,8463.5,64.09,13493.206,935.82,0.18,9.5,0.0
2009-08-01,1362.9194,215.445,84.406,86.6426,8463.0,71.06,13468.487,1009.73,0.17,9.6,0.0
2009-09-01,1337.3367,215.861,83.627,87.4063,8461.6,69.46,13502.606,1044.55,0.12,9.8,0.0
2009-10-01,1308.1789,216.509,83.722,87.6419,8487.9,75.82,13460.827,1067.66,0.07,10.0,0.0
2009-11-01,1290.6774,217.234,83.588,88.0221,8517.0,78.08,13494.222,1088.07,0.05,9.9,0.0
2009-12-01,1265.5793,217.347,84.099,88.3793,8512.2,74.3,13551.644,1110.38,0.05,9.9,0.0
2010-01-01,1238.5212,217.488,83.945,89.3426,8477.7,78.22,13610.249,1123.58,0.06,9.8,0.0
2010-02-01,1223.367,217.281,84.259,89.6779,8527.3,76.42,13610.405,1089.16,0.11,9.8,0.0
2010-03-01,1209.7429,217.353,84.662,90.2928,8523.5,81.24,13661.363,1152.05,0.15,9.9,0.0
2010-04-01,1207.5429,217.403,84.835,90.5991,8554.8,84.48,13776.728,1197.32,0.16,9.9,0.0
2010-05-01,1196.9216,217.29,85.046,91.823,8609.0,73.84,13885.106,1125.06,0.16,9.6,0.0
2010-06-01,1190.1483,217.199,85.253,91.9928,8628.1,75.35,13898.726,1083.36,0.12,9.4,0.0
2010-07-01,1189.0278,217.605,85.486,92.3421,8639.5,76.37,13928.888,1079.8,0.16,9.4,0.0
2010-08-01,1187.4701,217.923,85.693,92.6805,8687.9,76.82,13980.745,1087.28,0.16,9.5,0.0
2010-09-01,1185.7277,218.275,85.774,92.9537,8718.7,75.31,13989.519,1122.08,0.15,9.5,0.0
2010-10-01,1185.2038,219.035,85.993,92.6903,8768.4,81.9,14000.339,1171.58,0.13,9.4,0.0
2010-11-01,1187.5082,219.59,86.211,92.7709,8789.0,84.14,14018.501,1198.89,0.14,9.8,0.0
2010-12-01,1192.7014,220.472,86.325,93.6787,8822.7,89.04,14104.762,1241.53,0.14,9.3,0.0
2011-01-01,1195.9352,221.187,86.422,93.4814,8845.0,89.42,14289.288,1282.62,0.15,9.1,0.0
2011-02-01,1199.5471,221.898,86.398,93.1102,8908.8,89.58,14331.186,1321.12,0.13,9.0,0.0
2011-03-01,1206.4413,223.046,86.697,94.0788,8966.8,102.94,14298.318,1304.49,0.1,9.0,0.0
2011-04-01,1214.9147,224.093,86.594,93.7749,9030.2,110.04,14275.294,1331.51,0.06,9.1,0.0
2011-05-01,1229.0589,224.806,86.494,93.888,9102.5,101.33,14260.443,1338.31,0.04,9.0,0.0
2011-06-01,1233.6241,224.806,86.695,94.172,9176.5,96.29,14324.383,1287.29,0.04,9.1,0.0
2011-07-01,1244.3309,225.395,86.846,94.636,9338.4,97.19,14386.123,1325.19,0.04,9.0,0.0
2011-08-01,1263.0844,226.106,86.793,95.2749,9524.9,86.33,14378.666,1185.31,0.02,9.0,0.0
2011-09-01,1269.5994,226.597,86.936,95.1961,9545.1,85.61,14359.76,1173.88,0.01,9.0,0.0
2011-10-01,1280.3982,226.75,87.093,95.8568,9577.9,86.41,14364.71,1207.22,0.02,8.8,0.0
2011-11-01,1293.2356,227.169,86.946,95.8485,9629.5,97.21,14349.583,1226.42,0.01,8.6,0.0
2011-12-01,1304.0391,227.223,86.985,96.3571,9677.1,98.57,14479.33,1243.32,0.01,8.5,0.0
2012-01-01,1321.3179,227.842,87.321,96.9318,9750.3,100.24,14518.055,1300.58,0.03,8.3,0.0
2012-02-01,1344.1778,228.329,87.85,97.2435,9802.0,102.25,14591.389,1352.49,0.09,8.3,0.0
2012-03-01,1350.492,228.807,87.735,96.74,9846.0,106.19,14635.02,1389.24,0.08,8.2,0.0
2012-04-01,1368.5956,229.187,87.816,97.4359,9899.5,103.33,14689.558,1386.43,0.08,8.2,0.0
2012-05-01,1379.0397,228.713,87.822,97.6609,9942.8,94.7,14687.217,1341.27,0.09,8.2,0.0
2012-06-01,1397.9731,228.524,87.73,97.6663,10012.8,82.41,14680.673,1323.48,0.09,8.2,0.0
2012-07-01,1413.7811,228.59,87.914,97.8713,10065.5,87.93,14586.106,1359.78,0.1,8.2,0.0
2012-08-01,1425.6215,229.918,87.932,97.4525,10136.1,94.16,14553.669,1403.45,0.1,8.1,0.0
2012-09-01,1434.331,231.015,88.056,97.381,10216.3,94.72,14662.932,1443.42,0.11,7.8,0.0
2012-10-01,1449.5834,231.638,88.05,97.7193,10282.6,89.57,14761.628,1437.82,0.1,7.8,0.0
2012-11-01,1457.5771,231.249,88.434,98.0777,10351.6,86.66,14962.471,1394.51,0.09,7.7,0.0
2012-12-01,1474.5892,231.221,88.47,98.3101,10474.1,88.25,15333.647,1422.29,0.07,7.9,0.0
2013-01-01,1485.1014,231.679,88.864,98.3342,10497.4,94.69,14568.746,1480.4,0.07,8.0,0.0
2013-02-01,1491.2673,232.937,88.849,98.7941,10516.4,95.32,14539.752,1512.31,0.1,7.7,0.0
2013-03-01,1499.186,232.282,88.963,99.1921,10572.6,93.05,14590.576,1550.83,0.09,7.5,0.0
2013-04-01,1507.451,231.797,88.983,99.1065,10600.0,92.07,14650.083,1570.7,0.06,7.6,0.0
2013-05-01,1510.4217,231.893,89.237,99.1839,10634.2,94.8,14720.7,1639.84,0.04,7.5,0.0
2013-06-01,1521.7516,232.445,89.219,99.3897,10691.3,95.8,14720.82,1618.77,0.05,7.5,0.0
2013-07-01,1531.8942,232.9,89.329,99.0814,10730.5,104.61,14690.118,1668.68,0.04,7.3,0.0
2013-08-01,1533.0979,233.456,89.464,99.6543,10788.5,106.57,14715.624,1670.09,0.04,7.2,0.0
2013-09-01,1540.0041,233.544,89.733,100.161,10848.9,106.29,14776.266,1687.17,0.02,7.2,0.0
2013-10-01,1549.6383,233.669,90.023,100.082,10973.2,100.54,14726.182,1720.03,0.05,7.2,0.0
2013-11-01,1558.8509,234.1,90.393,100.3158,10981.9,93.86,14763.876,1783.54,0.07,6.9,0.0
2013-12-01,1574.33,234.719,90.475,100.5175,11046.9,97.63,14797.116,1807.78,0.07,6.7,0.0
2014-01-01,1586.7954,235.288,90.176,100.1599,11116.6,94.62,14872.775,1822.36,0.04,6.6,0.0
2014-02-01,1619.7096,235.547,90.586,100.9168,11182.3,100.82,14955.901,1817.04,0.05,6.7,0.0
2014-03-01,1633.3176,236.028,91.104,101.8942,11218.2,100.8,15033.859,1863.52,0.05,6.7,0.0
2014-04-01,1651.1911,236.468,91.253,101.9928,11263.1,102.07,15078.809,1864.26,0.03,6.2,0.0
2014-05-01,1663.6926,236.918,91.451,102.3836,11327.6,102.18,15120.855,1889.77,0.03,6.3,0.0
2014-06-01,1676.8043,237.231,91.772,102.735,11382.8,105.79,15177.06,1947.09,0.04,6.1,0.0
2014-07-01,1694.9147,237.498,91.971,102.9632,11437.5,103.59,15218.177,1973.1,0.03,6.2,0.0
2014-08-01,1711.7561,237.46,92.596,102.7688,11461.6,96.54,15295.125,1961.53,0.03,6.1,0.0
2014-09-01,1725.7351,237.477,92.623,103.0641,11502.8,93.21,15348.309,1993.23,0.02,5.9,0.0
2014-10-01,1730.8096,237.43,93.217,103.0764,11576.6,84.4,15426.259,1937.27,0.02,5.7,0.0
2014-11-01,1751.6656,236.983,93.454,103.7126,11617.3,75.79,15514.307,2044.57,0.02,5.8,0.0
2014-12-01,1773.178,236.252,93.713,103.7044,11701.0,59.29,15620.73,2054.27,0.03,5.6,0.0
2015-01-01,1791.5773,234.747,93.936,102.8905,11787.8,47.22,15758.015,2028.18,0.03,5.7,0.0
2015-02-01,1807.9304,235.342,94.158,102.2335,11904.7,50.58,15815.476,2082.2,0.02,5.5,0.0
2015-03-01,1833.4502,235.976,94.441,101.8914,11902.8,47.82,15786.489,2079.99,0.03,5.4,0.0
2015-04-01,1847.9368,236.222,94.614,101.3355,11936.7,54.45,15833.624,2094.86,0.02,5.4,0.0
2015-05-01,1863.5293,237.001,94.899,100.8883,11964.2,59.27,15866.779,2111.94,0.02,5.6,0.0
2015-06-01,1880.1555,237.657,94.966,100.571,12004.6,59.82,15873.338,2099.29,0.02,5.3,0.0
2015-07-01,1889.5042,238.034,95.319,101.2228,12048.3,50.9,15899.39,2094.14,0.03,5.2,0.0
2015-08-01,1903.4103,238.033,95.554,101.0367,12093.1,42.87,15930.975,2039.87,0.07,5.1,0.0
2015-09-01,1915.348,237.498,95.61,100.7547,12154.3,45.48,15973.484,1945.41,0.02,5.0,0.0
2015-10-01,1930.1677,237.733,95.676,100.2675,12205.6,46.22,16012.028,2071.18,0.02,5.0,0.0
2015-11-01,1946.3666,238.017,95.835,99.5298,12296.9,42.44,16009.52,2080.62,0.12,5.1,0.0
2015-12-01,1952.8521,237.761,96.138,99.0417,12368.2,37.19,16077.429,2054.08,0.23,5.0,0.0
2016-01-01,1963.8478,237.652,96.299,99.5607,12505.5,31.68,16098.568,1918.6,0.26,4.8,0.0
2016-02-01,1987.1478,237.336,96.941,99.0445,12577.7,30.32,16107.427,1903.03,0.31,4.9,0.0
2016-03-01,2017.6235,238.08,96.58,98.3096,12628.6,37.55,16106.421,2021.95,0.29,5.0,0.0
2016-04-01,2033.446,238.992,96.836,98.6421,12707.6,40.75,16081.685,2075.54,0.23,5.1,0.0
2016-05-01,2048.1212,239.557,96.995,98.4184,12774.6,46.71,16074.046,2065.55,0.27,4.8,0.0
2016-06-01,2050.7824,240.222,97.426,98.8833,12835.1,48.76,16090.905,2083.89,0.27,4.9,0.0
2016-07-01,2057.7702,240.101,97.604,98.9992,12889.3,44.65,16159.383,2148.9,0.3,4.8,0.0
2016-08-01,2051.3597,240.545,97.709,98.85,12973.6,44.72,16177.334,2177.48,0.3,4.9,0.0
2016-09-01,2070.3166,241.176,97.97,98.7457,13033.8,45.18,16215.456,2157.69,0.29,5.0,0.0
2016-10-01,2086.261,241.741,97.925,98.7611,13107.1,49.78,16243.304,2143.02,0.33,4.9,0.0
2016-11-01,2089.4401,242.026,98.09,98.3491,13180.6,45.66,16286.542,2164.99,0.45,4.7,0.0
2016-12-01,2083.6422,242.637,98.78,99.0214,13225.8,51.97,16334.247,2246.63,0.51,4.7,0.0
2017-01-01,2082.1871,243.618,98.839,98.7611,13300.3,52.5,16383.236,2275.12,0.51,4.7,0.0
2017-02-01,2082.5725,244.006,98.892,98.3646,13367.0,53.47,16431.536,2329.91,0.52,4.6,0.0
2017-03-01,2064.8393,243.892,99.331,99.0137,13428.4,49.33,16491.77,2345.96,0.74,4.4,0.0
2017-04-01,2067.5158,244.193,99.364,100.0224,13484.4,51.06,16521.43,2359.31,0.8,4.4,0.0
2017-05-01,2071.7385,244.004,99.427,100.1408,13536.4,48.48,16626.085,2395.35,0.89,4.4,0.0
2017-06-01,2072.9162,244.163,99.745,100.3471,13558.1,45.18,16642.946,2433.99,0.98,4.3,0.0
2017-07-01,2076.081,244.243,99.996,100.1068,13615.1,46.63,16698.803,2454.1,1.07,4.3,0.0
2017-08-01,2084.0958,245.183,100.008,99.6925,13674.3,48.04,16729.216,2456.22,1.01,4.4,0.0
2017-09-01,2102.9052,246.435,100.555,99.7954,13722.7,49.82,16774.796,2492.84,1.03,4.3,0.0
2017-10-01,2112.9422,246.626,100.65,101.0247,13782.0,51.58,16841.324,2557.0,1.07,4.2,0.0
2017-11-01,2106.2299,247.284,101.202,101.2664,13814.6,56.64,16883.564,2593.61,1.23,4.2,0.0
2017-12-01,2105.3574,247.805,101.992,101.4644,13873.5,57.88,16919.258,2664.34,1.32,4.1,0.0
2018-01-01,2109.5759,248.859,101.886,101.4625,13882.9,63.7,16938.615,2789.8,1.41,4.0,0.0
2018-02-01,2112.0245,249.529,101.931,101.7085,13919.0,62.23,16963.881,2705.16,1.57,4.1,0.0
2018-03-01,2123.2264,249.577,102.226,102.2067,13975.8,62.73,17008.963,2702.77,1.7,4.0,0.0
2018-04-01,2167.1125,250.227,102.318,103.3329,13993.7,66.25,17028.008,2653.63,1.76,4.0,0.0
2018-05-01,2173.6766,250.792,102.633,102.4024,14049.4,69.98,17072.967,2701.49,1.86,3.8,0.0
2018-06-01,2191.1233,251.018,102.732,103.198,14109.7,67.87,17140.662,2754.35,1.9,4.0,0.0
2018-07-01,2204.0928,251.214,102.95,103.3646,14143.9,70.98,17219.586,2793.64,1.96,3.8,0.0
2018-08-01,2209.5556,251.663,103.167,104.0327,14193.6,68.06,17282.357,2857.82,2.03,3.8,0.0
2018-09-01,2225.8849,252.182,102.983,104.1004,14229.1,70.23,17275.742,2901.5,2.13,3.7,0.0
2018-10-01,2250.5491,252.772,103.284,103.9856,14241.1,70.75,17300.819,2785.46,2.25,3.8,0.0
2018-11-01,2274.048,252.594,103.835,104.0681,14260.5,56.96,17339.645,2723.23,2.33,3.8,0.0
2018-12-01,2303.6527,252.767,102.947,104.0936,14382.3,49.52,17538.653,2567.31,2.37,3.9,0.0
2019-01-01,2325.3631,252.561,103.243,103.4021,14445.7,51.38,17612.196,2607.39,2.37,4.0,0.0
2019-02-01,2332.0383,253.319,103.294,102.8371,14480.8,54.95,17652.296,2754.86,2.39,3.8,0.0
2019-03-01,2337.5318,254.277,104.019,102.8757,14525.9,58.15,17683.871,2803.98,2.4,3.8,0.0
2019-04-01,2329.449,255.233,104.028,102.274,14554.2,63.86,17673.034,2903.8,2.38,3.7,0.0
2019-05-01,2334.1018,255.296,104.413,102.392,14652.0,60.83,17679.59,2854.71,2.35,3.6,0.0
2019-06-01,2338.7658,255.213,104.766,102.4375,14771.0,54.66,17707.372,2890.17,2.17,3.6,0.0
2019-07-01,2345.4666,255.802,105.261,101.9408,14853.1,57.35,17701.297,2996.11,2.1,3.7,0.0
2019-08-01,2363.8488,256.036,105.665,102.639,14934.3,54.81,17779.85,2897.5,1.95,3.6,0.0
2019-09-01,2370.4403,256.43,105.836,102.2917,15031.0,56.95,17812.342,2982.16,1.89,3.5,0.0
2019-10-01,2370.4462,257.155,105.843,101.4281,15166.9,53.96,17847.211,2977.68,1.65,3.6,0.0
2019-11-01,2368.866,257.879,106.412,101.9372,15276.4,57.03,17908.82,3104.9,1.54,3.6,0.0
2019-12-01,2357.6035,258.63,106.584,101.7003,15347.6,59.88,17826.208,3176.75,1.54,3.6,0.0
2020-01-01,2353.8701,259.127,107.073,101.0338,15416.3,57.52,17999.946,3278.2,1.52,3.6,0.0
2020-02-01,2350.6023,259.25,106.702,101.3735,15466.6,50.54,18077.882,3277.31,1.52,3.5,0.0
2020-03-01,2564.3082,258.076,99.687,97.4078,15993.4,29.21,17829.921,2652.39,0.29,4.4,1.0
2020-04-01,2920.8995,256.032,88.774,84.5619,17005.4,16.55,19985.052,2761.98,0.14,14.8,1.0
2020-05-01,3035.7977,255.802,96.162,85.9604,17852.9,28.56,19138.808,2919.62,0.13,13.2,0.0
2020-06-01,2925.2981,257.042,101.401,91.5934,18140.6,38.31,19132.418,3104.66,0.16,11.0,0.0
2020-07-01,2856.1301,258.352,102.956,95.0256,18297.7,40.71,19315.344,3207.62,0.13,10.2,0.0
2020-08-01,2815.0439,259.316,103.78,95.9549,18364.1,42.34,18687.291,3391.71,0.1,8.4,0.0
2020-09-01,2759.992,259.997,105.071,95.9669,18596.4,39.63,18807.121,3365.52,0.11,7.8,0.0
2020-10-01,2698.3277,260.319,105.391,96.7394,18751.1,39.4,18795.411,3418.7,0.1,6.9,0.0
2020-11-01,2637.2822,260.911,105.114,97.0816,18978.9,40.94,18640.614,3548.99,0.09,6.7,0.0
2020-12-01,2590.6251,262.045,105.538,98.363,19133.0,47.02,18677.122,3695.31,0.09,6.7,0.0
2021-01-01,2561.387,262.639,106.878,98.8822,19359.5,52.0,20562.164,3793.75,0.08,6.4,0.0
2021-02-01,2586.5954,263.573,105.895,95.6149,19596.5,59.04,19073.36,3883.43,0.04,6.2,0.0
2021-03-01,2586.7795,264.847,110.454,98.3856,19823.2,62.33,22918.422,3910.51,0.03,6.1,0.0
2021-04-01,2556.3543,266.625,111.327,98.5587,20161.5,61.72,19859.6,4141.18,0.02,6.1,0.0
2021-05-01,2545.6238,268.404,111.142,99.4333,20430.5,65.17,19385.541,4167.85,0.02,5.8,0.0
2021-06-01,2478.0379,270.71,112.053,99.7987,20472.9,71.38,19316.247,4238.49,0.04,5.9,0.0
2021-07-01,2450.3579,271.965,111.876,100.2519,20628.1,72.49,19435.463,4363.71,0.05,5.4,0.0
2021-08-01,2428.3734,272.752,112.637,100.0437,20811.0,67.73,19407.737,4454.21,0.05,5.1,0.0
2021-09-01,2416.6678,273.942,112.79,98.8579,20979.1,71.65,19234.211,4445.54,0.04,4.7,0.0
2021-10-01,2420.7405,276.528,113.505,100.1861,21142.1,81.48,19258.34,4460.71,0.05,4.5,0.0
2021-11-01,2434.992,278.824,113.734,100.8654,21316.7,79.15,19227.878,4667.39,0.05,4.2,0.0
2021-12-01,2473.1762,280.806,113.307,100.5726,21471.0,71.71,19170.498,4674.77,0.06,3.9,0.0
2022-01-01,2486.9777,282.542,113.372,100.1856,21587.3,83.22,19062.795,4573.82,0.15,4.0,0.0
2022-02-01,2499.0141,284.525,113.448,100.8064,21684.8,91.64,19079.074,4435.98,0.33,3.8,0.0
2022-03-01,2538.9137,287.467,114.041,101.3907,21721.3,108.5,18998.629,4391.27,0.44,3.7,0.0
2022-04-01,2565.6263,288.582,114.632,101.44,21750.0,101.78,19006.44,4391.3,0.76,3.7,0.0
2022-05-01,2610.234,291.299,114.473,101.3335,21690.7,109.55,18963.136,4040.36,0.98,3.6,0.0
2022-06-01,2667.8607,295.072,114.544,101.018,21642.9,114.84,18871.331,3898.95,1.49,3.6,0.0
2022-07-01,2699.2152,294.94,114.646,101.223,21641.6,101.62,19050.186,3911.73,2.23,3.5,0.0
2022-08-01,2724.0642,295.162,115.268,101.0963,21606.7,93.67,19115.806,4158.56,2.63,3.6,0.0
2022-09-01,2747.7115,296.421,115.348,101.2918,21521.0,84.26,19158.931,3850.52,3.13,3.5,0.0
2022-10-01,2771.3432,297.979,115.556,101.2529,21424.4,87.55,19196.543,3726.05,3.72,3.6,0.0
2022-11-01,2789.375,298.708,115.247,100.9552,21358.1,84.37,19205.667,3917.49,4.15,3.6,0.0
2022-12-01,2797.9494,298.808,115.146,99.7664,21219.0,76.44,19259.807,3912.38,4.25,3.5,0.0
2023-01-01,2811.7779,300.456,116.635,100.505,21205.3,78.12,19295.401,3960.66,4.54,3.5,0.0
2023-02-01,2806.6495,301.476,116.562,100.6416,21184.5,76.83,19362.608,4079.68,4.65,3.6,0.0
2023-03-01,2797.7127,301.643,116.578,101.0205,20876.0,73.28,19448.229,3968.56,4.69,3.5,0.0
2023-04-01,2771.123,302.858,116.938,101.253,20729.8,79.45,19474.528,4121.47,4.92,3.4,0.0
2023-05-01,2766.4873,303.316,116.888,100.9286,20801.1,71.58,19532.638,4146.17,5.14,3.6,0.0
2023-06-01,2755.9522,304.099,117.256,100.1196,20782.7,70.25,19553.713,4345.37,5.16,3.6,0.0
2023-07-01,2754.8911,304.615,117.816,100.9067,20772.0,76.07,19596.868,4508.08,5.25,3.5,0.0
2023-08-01,2757.8377,306.138,117.892,100.8393,20746.9,81.39,19622.827,4457.36,5.3,3.7,0.0
2023-09-01,2760.7145,307.374,118.043,101.0211,20720.4,89.43,19628.768,4409.1,5.32,3.8,0.0
2023-10-01,2771.3412,307.653,118.361,100.4689,20687.3,85.64,19689.563,4269.4,5.34,3.9,0.0
2023-11-01,2763.0715,308.087,118.783,100.8639,20696.7,77.69,19785.645,4460.06,5.27,3.7,0.0
2023-12-01,2761.0691,308.735,119.267,100.6031,20701.3,71.9,19847.006,4685.05,5.24,3.8,0.0
2024-01-01,2759.4039,309.794,118.833,99.2223,20773.1,74.15,19932.436,4815.61,5.22,3.7,0.0
2024-02-01,2766.6752,311.022,119.356,100.285,20861.1,77.25,19963.623,5011.96,5.24,3.9,0.0
2024-03-01,2751.9377,312.107,119.756,100.4575,20900.9,81.28,19992.037,5170.57,5.24,3.9,0.0
2024-04-01,2749.8089,313.016,119.974,100.2434,20928.9,85.35,20018.113,5112.49,5.24,3.9,0.0
2024-05-01,2759.1703,313.14,120.53,100.863,20989.4,80.02,20111.997,5235.23,5.25,4.0,0.0
2024-06-01,2766.0203,313.131,120.87,100.894,21053.0,79.77,20158.9,5415.14,5.24,4.1,0.0
2024-07-01,2760.9174,313.566,121.317,99.9757,21084.2,81.8,20164.512,5538.0,5.2,4.2,0.0
2024-08-01,2767.0467,314.131,121.482,100.4309,21171.0,76.68,20189.814,5478.21,5.05,4.2,0.0
2024-09-01,2778.4346,314.851,122.1,99.8084,21257.5,70.24,20216.213,5621.26,4.72,4.1,0.0
2024-10-01,2784.8665,315.564,122.25,99.4695,21308.1,71.99,20263.282,5792.32,4.51,4.1,0.0
2024-11-01,2787.555,316.449,122.639,99.2925,21407.9,69.95,20316.65,5929.92,4.42,4.2,0.0
2024-12-01,2765.6233,317.603,123.512,100.3273,21424.5,70.12,20338.298,6010.91,4.27,4.1,0.0
2025-01-01,2665.5488,319.086,122.767,100.0647,21492.4,75.74,20388.396,5979.52,4.21,4.0,0.0
2025-02-01,2673.2699,319.775,122.62,101.0993,21564.6,71.53,20413.875,6038.69,4.22,4.1,0.0
2025-03-01,2678.0455,319.615,123.575,101.0404,21636.7,68.24,20547.128,5683.98,4.2,4.2,0.0
2025-04-01,2671.6721,320.321,123.748,101.2408,21770.5,63.54,20698.762,5369.5,4.21,4.2,0.0
2025-05-01,2680.2957,320.58,123.575,101.1357,21827.4,62.17,20581.743,5810.92,4.25,4.2,0.0
2025-06-01,2687.2046,321.5,123.894,101.565,21942.4,68.17,20575.971,6029.95,4.23,4.1,0.0
2025-07-01,2674.323,322.132,124.37,101.3472,22028.8,68.39,20625.729,6296.5,4.25,4.2,0.0
2025-08-01,2683.9651,323.364,124.805,101.2704,22108.4,64.86,20646.475,6408.95,4.12,4.3,0.0
2025-09-01,2692.0621,324.368,,,22212.5,63.96,,6584.02,3.92,4.4,0.0
2025-10-01,2693.6696,,,,22298.1,60.89,,6735.69,3.82,,0.0
2025-11-01,,,,,,,,,,,0.0
